"Description","start_time","end_time","start_time_buffer","end_time_buffer"
"Start","00:00:00:00","00:02:48:03","00:00:00:04","00:02:47:24"
"SAVANNAH DAY EXT 01","00:02:48:03","00:04:32:06","00:02:48:07","00:04:32:02"
"DOCTORS OFFICE DAY INT 01","00:04:32:06","00:04:46:09","00:04:32:10","00:04:46:05"
"DOCTORS OFFICE DAY INT 02","00:04:46:09","00:05:00:15","00:04:46:13","00:05:00:11"
"DOCTORS OFFICE DAY INT 03","00:05:00:15","00:05:12:00","00:05:00:19","00:05:11:21"
"GREENBOW ALABAMA DAY EXT 01","00:05:12:00","00:05:18:08","00:05:12:04","00:05:18:04"
"FLASHBACK COUNTRYSIDE DAY EXT 01","00:05:18:08","00:05:43:02","00:05:18:12","00:05:42:23"
"GREENBOW ALABAMA DAY EXT 02","00:05:43:02","00:05:53:03","00:05:43:06","00:05:52:24"
"GREENBOW ALABAMA DAY EXT 03","00:05:53:03","00:06:00:02","00:05:53:07","00:05:59:23"
"GREENBOW ALABAMA DAY EXT 04","00:06:00:02","00:06:01:22","00:06:00:06","00:06:01:18"
"GREENBOW ALABAMA DAY EXT 05","00:06:01:22","00:06:03:02","00:06:02:01","00:06:02:23"
"GREENBOW ALABAMA DAY EXT 06","00:06:03:02","00:06:25:17","00:06:03:06","00:06:25:13"
"GUMP HOUSE DAY EXT 01","00:06:25:17","00:06:42:21","00:06:25:21","00:06:42:17"
"GUMP HOUSE DAY EXT 02","00:06:42:21","00:07:05:16","00:06:43:00","00:07:05:12"
"GUMP HOUSE DAY EXT 03","00:07:05:16","00:07:14:13","00:07:05:20","00:07:14:09"
"PRINCIPALS OFFICE DAY INT 01","00:07:14:13","00:07:18:15","00:07:14:17","00:07:18:11"
"PRINCIPALS OFFICE DAY INT 02","00:07:18:15","00:07:23:12","00:07:18:19","00:07:23:08"
"PRINCIPALS OFFICE DAY INT 03","00:07:23:12","00:07:27:20","00:07:23:16","00:07:27:16"
"SCHOOL HALLWAY DAY INT 01","00:07:27:20","00:07:42:12","00:07:27:24","00:07:42:08"
"PRINCIPALS OFFICE DAY INT 04","00:07:42:12","00:07:46:22","00:07:42:16","00:07:46:18"
"PRINCIPALS OFFICE DAY INT 05","00:07:46:22","00:07:51:10","00:07:47:01","00:07:51:06"
"PRINCIPALS OFFICE DAY INT 06","00:07:51:10","00:07:55:14","00:07:51:14","00:07:55:10"
"PRINCIPALS OFFICE DAY INT 07","00:07:55:14","00:08:12:18","00:07:55:18","00:08:12:14"
"PRINCIPALS OFFICE DAY INT 08","00:08:12:18","00:08:16:03","00:08:12:22","00:08:15:24"
"PRINCIPALS OFFICE DAY INT 09","00:08:16:03","00:08:20:05","00:08:16:07","00:08:20:01"
"SCHOOL HALLWAY DAY INT 02","00:08:20:05","00:08:27:18","00:08:20:09","00:08:27:14"
"PRINCIPALS OFFICE DAY INT 10","00:08:27:18","00:08:32:09","00:08:27:22","00:08:32:05"
"PRINCIPALS OFFICE DAY INT 11","00:08:32:09","00:08:36:23","00:08:32:13","00:08:36:19"
"GUMP HOUSE NIGHT EXT 01","00:08:36:23","00:08:42:07","00:08:37:02","00:08:42:03"
"GUMP HOUSE NIGHT EXT 02","00:08:42:07","00:08:46:20","00:08:42:11","00:08:46:16"
"GUMP HOUSE NIGHT EXT 03","00:08:46:20","00:09:15:19","00:08:46:24","00:09:15:15"
"GUMP HOUSE / BEDROOM FORREST NIGHT INT 01","00:09:15:19","00:09:46:13","00:09:15:23","00:09:46:09"
"GUMP HOUSE DAY EXT 04","00:09:46:13","00:09:54:22","00:09:46:17","00:09:54:18"
"GUMP HOUSE DAY INT 01","00:09:54:22","00:10:12:03","00:09:55:01","00:10:11:24"
"GUMP HOUSE DAY INT 02","00:10:12:03","00:10:30:11","00:10:12:07","00:10:30:07"
"GUMP HOUSE DAY INT 03","00:10:30:11","00:10:32:13","00:10:30:15","00:10:32:09"
"GUMP HOUSE DAY INT 04","00:10:32:13","00:10:33:17","00:10:32:17","00:10:33:13"
"GUMP HOUSE DAY INT 05","00:10:33:17","00:10:36:10","00:10:33:21","00:10:36:06"
"GUMP HOUSE DAY INT 06","00:10:36:10","00:10:56:23","00:10:36:14","00:10:56:19"
"GUMP HOUSE DAY INT 07","00:10:56:23","00:10:59:12","00:10:57:02","00:10:59:08"
"GUMP HOUSE DAY INT 08","00:10:59:12","00:11:09:15","00:10:59:16","00:11:09:11"
"GUMP HOUSE DAY INT 09","00:11:09:15","00:11:15:01","00:11:09:19","00:11:14:22"
"GREENBOW ALABAMA NIGHT EXT 01","00:11:15:01","00:11:19:21","00:11:15:05","00:11:19:17"
"GREENBOW ALABAMA NIGHT EXT 02","00:11:19:21","00:11:21:15","00:11:20:00","00:11:21:11"
"GREENBOW ALABAMA NIGHT EXT 03","00:11:21:15","00:11:26:06","00:11:21:19","00:11:26:02"
"GREENBOW ALABAMA NIGHT EXT 04","00:11:26:06","00:11:32:14","00:11:26:10","00:11:32:10"
"GREENBOW ALABAMA NIGHT EXT 05","00:11:32:14","00:11:42:15","00:11:32:18","00:11:42:11"
"SAVANNAH DAY EXT 02","00:11:42:15","00:11:52:18","00:11:42:19","00:11:52:14"
"SCHOOL BUS STOP DAY EXT 01","00:11:52:18","00:12:01:10","00:11:52:22","00:12:01:06"
"SCHOOL BUS STOP DAY EXT 02","00:12:01:10","00:12:07:12","00:12:01:14","00:12:07:08"
"SCHOOL BUS STOP DAY EXT 03","00:12:07:12","00:12:10:03","00:12:07:16","00:12:09:24"
"SCHOOL BUS STOP DAY EXT 04","00:12:10:03","00:12:12:23","00:12:10:07","00:12:12:19"
"SCHOOL BUS STOP DAY EXT 05","00:12:12:23","00:12:18:12","00:12:13:02","00:12:18:08"
"SCHOOL BUS STOP DAY EXT 06","00:12:18:12","00:12:20:18","00:12:18:16","00:12:20:14"
"SCHOOL BUS STOP DAY EXT 07","00:12:20:18","00:12:23:03","00:12:20:22","00:12:22:24"
"SCHOOL BUS STOP DAY EXT 08","00:12:23:03","00:12:25:05","00:12:23:07","00:12:25:01"
"SCHOOL BUS STOP DAY EXT 09","00:12:25:05","00:12:32:07","00:12:25:09","00:12:32:03"
"SCHOOL BUS DAY INT 01","00:12:32:07","00:12:35:07","00:12:32:11","00:12:35:03"
"SCHOOL BUS DAY INT 02","00:12:35:07","00:12:37:23","00:12:35:11","00:12:37:19"
"SCHOOL BUS DAY INT 03","00:12:37:23","00:12:39:09","00:12:38:02","00:12:39:05"
"SCHOOL BUS DAY INT 04","00:12:39:09","00:12:40:17","00:12:39:13","00:12:40:13"
"SCHOOL BUS DAY INT 05","00:12:40:17","00:12:41:17","00:12:40:21","00:12:41:13"
"SCHOOL BUS DAY INT 06","00:12:41:17","00:12:50:07","00:12:41:21","00:12:50:03"
"SCHOOL BUS DAY INT 07","00:12:50:07","00:12:51:08","00:12:50:11","00:12:51:04"
"SCHOOL BUS DAY INT 08","00:12:51:08","00:12:58:14","00:12:51:12","00:12:58:10"
"SAVANNAH DAY EXT 03","00:12:58:14","00:13:11:02","00:12:58:18","00:13:10:23"
"SCHOOL BUS DAY INT 09","00:13:11:02","00:13:19:15","00:13:11:06","00:13:19:11"
"SCHOOL BUS DAY INT 10","00:13:19:15","00:13:21:20","00:13:19:19","00:13:21:16"
"SCHOOL BUS DAY INT 11","00:13:21:20","00:13:26:08","00:13:21:24","00:13:26:04"
"SCHOOL BUS DAY INT 12","00:13:26:08","00:13:28:01","00:13:26:12","00:13:27:22"
"SCHOOL BUS DAY INT 13","00:13:28:01","00:13:33:12","00:13:28:05","00:13:33:08"
"SCHOOL BUS DAY INT 14","00:13:33:12","00:13:49:09","00:13:33:16","00:13:49:05"
"SCHOOL BUS DAY INT 15","00:13:49:09","00:13:53:13","00:13:49:13","00:13:53:09"
"SCHOOL BUS DAY INT 16","00:13:53:13","00:13:57:00","00:13:53:17","00:13:56:21"
"SCHOOL BUS DAY INT 17","00:13:57:00","00:13:59:23","00:13:57:04","00:13:59:19"
"SCHOOL BUS DAY INT 18","00:13:59:23","00:14:07:09","00:14:00:02","00:14:07:05"
"TREE ON A FIELD DAY EXT 01","00:14:07:09","00:14:12:04","00:14:07:13","00:14:12:00"
"TREE ON A FIELD DAY EXT 02","00:14:12:04","00:14:17:06","00:14:12:08","00:14:17:02"
"TREE ON A FIELD DAY EXT 03","00:14:17:06","00:14:21:05","00:14:17:10","00:14:21:01"
"TREE ON A FIELD DAY EXT 04","00:14:21:05","00:14:25:06","00:14:21:09","00:14:25:02"
"TREE ON A FIELD DAY EXT 05","00:14:25:06","00:14:32:09","00:14:25:10","00:14:32:05"
"TREE ON A FIELD NIGHT EXT 01","00:14:32:09","00:14:46:03","00:14:32:13","00:14:45:24"
"TREE ON A FIELD NIGHT EXT 02","00:14:46:03","00:14:51:04","00:14:46:07","00:14:51:00"
"SAVANNAH DAY EXT 04","00:14:51:04","00:14:59:20","00:14:51:08","00:14:59:16"
"ALLEY DAY EXT 01","00:14:59:20","00:15:01:20","00:14:59:24","00:15:01:16"
"ALLEY DAY EXT 02","00:15:01:20","00:15:02:24","00:15:01:24","00:15:02:20"
"ALLEY DAY EXT 03","00:15:02:24","00:15:04:22","00:15:03:03","00:15:04:18"
"ALLEY DAY EXT 04","00:15:04:22","00:15:06:00","00:15:05:01","00:15:05:21"
"ALLEY DAY EXT 05","00:15:06:00","00:15:09:01","00:15:06:04","00:15:08:22"
"ALLEY DAY EXT 06","00:15:09:01","00:15:10:12","00:15:09:05","00:15:10:08"
"ALLEY DAY EXT 07","00:15:10:12","00:15:11:07","00:15:10:16","00:15:11:03"
"ALLEY DAY EXT 08","00:15:11:07","00:15:12:18","00:15:11:11","00:15:12:14"
"ALLEY DAY EXT 09","00:15:12:18","00:15:14:20","00:15:12:22","00:15:14:16"
"ALLEY DAY EXT 10","00:15:14:20","00:15:16:10","00:15:14:24","00:15:16:06"
"ALLEY DAY EXT 11","00:15:16:10","00:15:19:24","00:15:16:14","00:15:19:20"
"ALLEY DAY EXT 12","00:15:19:24","00:15:24:22","00:15:20:03","00:15:24:18"
"ALLEY DAY EXT 13","00:15:24:22","00:15:28:04","00:15:25:01","00:15:28:00"
"ALLEY DAY EXT 14","00:15:28:04","00:15:31:04","00:15:28:08","00:15:31:00"
"ALLEY DAY EXT 15","00:15:31:04","00:15:32:14","00:15:31:08","00:15:32:10"
"ALLEY DAY EXT 16","00:15:32:14","00:15:33:23","00:15:32:18","00:15:33:19"
"ALLEY DAY EXT 17","00:15:33:23","00:15:35:14","00:15:34:02","00:15:35:10"
"ALLEY DAY EXT 18","00:15:35:14","00:15:37:08","00:15:35:18","00:15:37:04"
"ALLEY DAY EXT 19","00:15:37:08","00:15:43:08","00:15:37:12","00:15:43:04"
"ALLEY DAY EXT 20","00:15:43:08","00:15:45:16","00:15:43:12","00:15:45:12"
"ALLEY DAY EXT 21","00:15:45:16","00:15:48:04","00:15:45:20","00:15:48:00"
"ALLEY DAY EXT 22","00:15:48:04","00:15:51:02","00:15:48:08","00:15:50:23"
"ALLEY DAY EXT 23","00:15:51:02","00:15:53:21","00:15:51:06","00:15:53:17"
"ALLEY DAY EXT 24","00:15:53:21","00:15:59:15","00:15:54:00","00:15:59:11"
"ALLEY DAY EXT 25","00:15:59:15","00:16:01:11","00:15:59:19","00:16:01:07"
"ALLEY DAY EXT 26","00:16:01:11","00:16:03:06","00:16:01:15","00:16:03:02"
"ALLEY DAY EXT 27","00:16:03:06","00:16:04:22","00:16:03:10","00:16:04:18"
"ALLEY DAY EXT 28","00:16:04:22","00:16:08:18","00:16:05:01","00:16:08:14"
"ALLEY DAY EXT 29","00:16:08:18","00:16:12:14","00:16:08:22","00:16:12:10"
"ALLEY DAY EXT 30","00:16:12:14","00:16:15:02","00:16:12:18","00:16:14:23"
"ALLEY DAY EXT 31","00:16:15:02","00:16:20:00","00:16:15:06","00:16:19:21"
"SAVANNAH DAY EXT 05","00:16:20:00","00:16:23:07","00:16:20:04","00:16:23:03"
"SAVANNAH DAY EXT 06","00:16:23:07","00:16:24:22","00:16:23:11","00:16:24:18"
"SAVANNAH DAY EXT 07","00:16:24:22","00:16:31:06","00:16:25:01","00:16:31:02"
"ALLEY DAY EXT 32","00:16:31:06","00:16:40:15","00:16:31:10","00:16:40:11"
"ALLEY DAY EXT 33","00:16:40:15","00:16:48:24","00:16:40:19","00:16:48:20"
"ROAD IN GREENBOW DAY EXT 01","00:16:48:24","00:16:55:12","00:16:49:03","00:16:55:08"
"ROAD IN GREENBOW DAY EXT 02","00:16:55:12","00:16:58:18","00:16:55:16","00:16:58:14"
"GREENBOW ALABAMA DAY EXT 07","00:16:58:18","00:17:06:19","00:16:58:22","00:17:06:15"
"OUTSIDE JENNY'S HOUSE DAY EXT 01","00:17:06:19","00:17:20:07","00:17:06:23","00:17:20:03"
"OUTSIDE JENNY'S HOUSE DAY EXT 02","00:17:20:07","00:17:41:05","00:17:20:11","00:17:41:01"
"OUTSIDE JENNY'S HOUSE DAY EXT 03","00:17:41:05","00:17:52:23","00:17:41:09","00:17:52:19"
"OUTSIDE JENNY'S HOUSE DAY EXT 04","00:17:52:23","00:17:54:24","00:17:53:02","00:17:54:20"
"OUTSIDE JENNY'S HOUSE DAY EXT 05","00:17:54:24","00:17:58:16","00:17:55:03","00:17:58:12"
"OUTSIDE JENNY'S HOUSE DAY EXT 06","00:17:58:16","00:18:03:08","00:17:58:20","00:18:03:04"
"OUTSIDE JENNY'S HOUSE DAY EXT 07","00:18:03:08","00:18:04:18","00:18:03:12","00:18:04:14"
"OUTSIDE JENNY'S HOUSE DAY EXT 08","00:18:04:18","00:18:06:21","00:18:04:22","00:18:06:17"
"OUTSIDE JENNY'S HOUSE DAY EXT 09","00:18:06:21","00:18:14:17","00:18:07:00","00:18:14:13"
"OUTSIDE JENNY'S HOUSE DAY EXT 10","00:18:14:17","00:18:30:07","00:18:14:21","00:18:30:03"
"GRANDMA'S TRAILER DAY EXT 01","00:18:30:07","00:18:43:21","00:18:30:11","00:18:43:17"
"GUMP HOUSE NIGHT EXT 04","00:18:43:21","00:18:55:19","00:18:44:00","00:18:55:15"
"GRUMP HOUSE / BEDROOM FORREST NIGHT INT 01","00:18:55:19","00:19:04:09","00:18:55:23","00:19:04:05"
"ALLEY DAY EXT 34","00:19:04:09","00:19:09:08","00:19:04:13","00:19:09:04"
"ALLEY DAY EXT 35","00:19:09:08","00:19:10:04","00:19:09:12","00:19:10:00"
"ALLEY DAY EXT 36","00:19:10:04","00:19:13:00","00:19:10:08","00:19:12:21"
"ALLEY DAY EXT 37","00:19:13:00","00:19:14:08","00:19:13:04","00:19:14:04"
"ALLEY DAY EXT 38","00:19:14:08","00:19:15:01","00:19:14:12","00:19:14:22"
"ALLEY DAY EXT 39","00:19:15:01","00:19:17:08","00:19:15:05","00:19:17:04"
"ALLEY DAY EXT 40","00:19:17:08","00:19:20:15","00:19:17:12","00:19:20:11"
"ALLEY DAY EXT 41","00:19:20:15","00:19:21:24","00:19:20:19","00:19:21:20"
"ALLEY DAY EXT 42","00:19:21:24","00:19:23:03","00:19:22:03","00:19:22:24"
"ALLEY DAY EXT 43","00:19:23:03","00:19:25:00","00:19:23:07","00:19:24:21"
"ALLEY DAY EXT 44","00:19:25:00","00:19:26:08","00:19:25:04","00:19:26:04"
"ALLEY DAY EXT 45","00:19:26:08","00:19:27:15","00:19:26:12","00:19:27:11"
"ALLEY DAY EXT 46","00:19:27:15","00:19:29:19","00:19:27:19","00:19:29:15"
"ALLEY DAY EXT 47","00:19:29:19","00:19:31:15","00:19:29:23","00:19:31:11"
"BULLY TRUCK DAY INT 01","00:19:31:15","00:19:32:24","00:19:31:19","00:19:32:20"
"BULLY TRUCK DAY INT 02","00:19:32:24","00:19:34:10","00:19:33:03","00:19:34:06"
"ALLEY DAY EXT 48","00:19:34:10","00:19:38:16","00:19:34:14","00:19:38:12"
"ALLEY DAY EXT 49","00:19:38:16","00:19:40:09","00:19:38:20","00:19:40:05"
"ALLEY DAY EXT 50","00:19:40:09","00:19:49:13","00:19:40:13","00:19:49:09"
"ALLEY DAY EXT 51","00:19:49:13","00:19:52:02","00:19:49:17","00:19:51:23"
"ALLEY DAY EXT 52","00:19:52:02","00:19:53:24","00:19:52:06","00:19:53:20"
"SAVANNAH DAY EXT 08","00:19:53:24","00:20:01:19","00:19:54:03","00:20:01:15"
"FOOTBALL FIELD DAY EXT 01","00:20:01:19","00:20:10:18","00:20:01:23","00:20:10:14"
"FOOTBALL FIELD DAY EXT 02","00:20:10:18","00:20:18:05","00:20:10:22","00:20:18:01"
"FOOTBALL FIELD DAY EXT 03","00:20:18:05","00:20:19:02","00:20:18:09","00:20:18:23"
"FOOTBALL FIELD DAY EXT 04","00:20:19:02","00:20:19:23","00:20:19:06","00:20:19:19"
"FOOTBALL FIELD DAY EXT 05","00:20:19:23","00:20:22:11","00:20:20:02","00:20:22:07"
"FOOTBALL FIELD DAY EXT 06","00:20:22:11","00:20:26:16","00:20:22:15","00:20:26:12"
"FOOTBALL FIELD DAY EXT 07","00:20:26:16","00:20:31:02","00:20:26:20","00:20:30:23"
"FOOTBALL FIELD DAY EXT 08","00:20:31:02","00:20:32:20","00:20:31:06","00:20:32:16"
"FOOTBALL FIELD DAY EXT 09","00:20:32:20","00:20:35:21","00:20:32:24","00:20:35:17"
"FOOTBALL FIELD DAY EXT 10","00:20:35:21","00:20:41:00","00:20:36:00","00:20:40:21"
"FOOTBALL STADIUM DAY EXT 01","00:20:41:00","00:20:41:22","00:20:41:04","00:20:41:18"
"FOOTBALL STADIUM DAY EXT 02","00:20:41:22","00:20:44:20","00:20:42:01","00:20:44:16"
"FOOTBALL STADIUM DAY EXT 03","00:20:44:20","00:20:50:20","00:20:44:24","00:20:50:16"
"FOOTBALL STADIUM DAY EXT 04","00:20:50:20","00:20:53:17","00:20:50:24","00:20:53:13"
"FOOTBALL STADIUM DAY EXT 05","00:20:53:17","00:20:58:09","00:20:53:21","00:20:58:05"
"FOOTBALL STADIUM DAY EXT 07","00:20:58:09","00:21:05:20","00:20:58:13","00:21:05:16"
"FOOTBALL STADIUM DAY EXT 08","00:21:05:20","00:21:08:23","00:21:05:24","00:21:08:19"
"FOOTBALL STADIUM DAY EXT 09","00:21:08:23","00:21:10:18","00:21:09:02","00:21:10:14"
"FOOTBALL STADIUM DAY EXT 10","00:21:10:18","00:21:17:01","00:21:10:22","00:21:16:22"
"FOOTBALL STADIUM DAY EXT 11","00:21:17:01","00:21:24:06","00:21:17:05","00:21:24:02"
"FOOTBALL STADIUM DAY EXT 12","00:21:24:06","00:21:32:17","00:21:24:10","00:21:32:13"
"GIRL'S DORM NIGHT EXT 01","00:21:32:17","00:21:37:24","00:21:32:21","00:21:37:20"
"GIRL'S DORM NIGHT EXT 02","00:21:37:24","00:21:40:19","00:21:38:03","00:21:40:15"
"GIRL'S DORM NIGHT EXT 03","00:21:40:19","00:21:43:00","00:21:40:23","00:21:42:21"
"GIRL'S DORM NIGHT EXT 04","00:21:43:00","00:21:46:09","00:21:43:04","00:21:46:05"
"GIRL'S DORM NIGHT EXT 05","00:21:46:09","00:21:50:23","00:21:46:13","00:21:50:19"
"GIRL'S DORM NIGHT EXT 06","00:21:50:23","00:21:54:14","00:21:51:02","00:21:54:10"
"GIRL'S DORM NIGHT EXT 07","00:21:54:14","00:21:59:24","00:21:54:18","00:21:59:20"
"GIRL'S DORM NIGHT EXT 08","00:21:59:24","00:22:03:08","00:22:00:03","00:22:03:04"
"GIRL'S DORM NIGHT EXT 09","00:22:03:08","00:22:04:07","00:22:03:12","00:22:04:03"
"GIRL'S DORM NIGHT EXT 10","00:22:04:07","00:22:09:17","00:22:04:11","00:22:09:13"
"GIRL'S DORM NIGHT EXT 11","00:22:09:17","00:23:04:23","00:22:09:21","00:23:04:19"
"GIRL'S DORM NIGHT INT 01","00:23:04:23","00:23:17:21","00:23:05:02","00:23:17:17"
"GIRL'S DORM / JENNY'S ROOM NIGHT INT 01","00:23:17:21","00:24:00:05","00:23:18:00","00:24:00:01"
"GIRL'S DORM / JENNY'S ROOM NIGHT INT 02","00:24:00:05","00:24:07:01","00:24:00:09","00:24:06:22"
"GIRL'S DORM / JENNY'S ROOM NIGHT INT 03","00:24:07:01","00:24:12:18","00:24:07:05","00:24:12:14"
"GIRL'S DORM / JENNY'S ROOM NIGHT INT 04","00:24:12:18","00:24:17:22","00:24:12:22","00:24:17:18"
"GIRL'S DORM / JENNY'S ROOM NIGHT INT 05","00:24:17:22","00:24:42:18","00:24:18:01","00:24:42:14"
"GIRL'S DORM / JENNY'S ROOM NIGHT INT 06","00:24:42:18","00:24:52:02","00:24:42:22","00:24:51:23"
"GIRL'S DORM / JENNY'S ROOM NIGHT INT 07","00:24:52:02","00:25:15:14","00:24:52:06","00:25:15:10"
"GIRL'S DORM / JENNY'S ROOM NIGHT INT 08","00:25:15:14","00:25:25:10","00:25:15:18","00:25:25:06"
"FOOTBALL STADIUM DAY EXT 13","00:25:25:10","00:25:28:18","00:25:25:14","00:25:28:14"
"FOOTBALL STADIUM DAY EXT 14","00:25:28:18","00:25:32:02","00:25:28:22","00:25:31:23"
"FOOTBALL STADIUM DAY EXT 15","00:25:32:02","00:25:33:11","00:25:32:06","00:25:33:07"
"FOOTBALL STADIUM DAY EXT 16","00:25:33:11","00:25:34:20","00:25:33:15","00:25:34:16"
"FOOTBALL STADIUM DAY EXT 17","00:25:34:20","00:25:40:07","00:25:34:24","00:25:40:03"
"FOOTBALL STADIUM DAY EXT 18","00:25:40:07","00:25:45:08","00:25:40:11","00:25:45:04"
"INFRONT OF THE WHITE HOUSE (BROADCAST) DAY EXT 01","00:25:45:08","00:25:49:18","00:25:45:12","00:25:49:14"
"WHITE HOUSE (BROADCAST) DAY INT 01","00:25:49:18","00:25:56:13","00:25:49:22","00:25:56:09"
"WHITE HOUSE DAY INT 01","00:25:56:13","00:26:16:09","00:25:56:17","00:26:16:05"
"WHITE HOUSE DAY INT 02","00:26:16:09","00:26:20:04","00:26:16:13","00:26:20:00"
"WHITE HOUSE (BROADCAST) DAY INT 02","00:26:20:04","00:26:28:13","00:26:20:08","00:26:28:09"
"WHITE HOUSE (BROADCAST) DAY INT 03","00:26:28:13","00:26:34:11","00:26:28:17","00:26:34:07"
"WHITE HOUSE (BROADCAST) DAY INT 04","00:26:34:11","00:26:39:08","00:26:34:15","00:26:39:04"
"WHITE HOUSE / BATH ROOM DAY INT 01","00:26:39:08","00:26:59:05","00:26:39:12","00:26:59:01"
"WHITE HOUSE / BATH ROOM DAY INT 02","00:26:59:05","00:27:03:10","00:26:59:09","00:27:03:06"
"STOCK FOOTAGE OF ROBERT KENNDY DAY INT 01","00:27:03:10","00:27:08:03","00:27:03:14","00:27:07:24"
"SAVANNAH DAY EXT 09","00:27:08:03","00:27:14:06","00:27:08:07","00:27:14:02"
"COLLEGE GRADUATION DAY EXT 01","00:27:14:06","00:27:23:13","00:27:14:10","00:27:23:09"
"COLLEGE GRADUATION DAY EXT 02","00:27:23:13","00:27:25:16","00:27:23:17","00:27:25:12"
"COLLEGE GRADUATION DAY EXT 03","00:27:25:16","00:27:38:16","00:27:25:20","00:27:38:12"
"COLLEGE GRADUATION DAY EXT 04","00:27:38:16","00:27:41:07","00:27:38:20","00:27:41:03"
"ARMY BUS DAY INT 01","00:27:41:07","00:27:47:15","00:27:41:11","00:27:47:11"
"ARMY BUS DAY INT 02","00:27:47:15","00:28:01:24","00:27:47:19","00:28:01:20"
"ARMY BUS DAY INT 03","00:28:01:24","00:28:03:22","00:28:02:03","00:28:03:18"
"ARMY BUS DAY INT 04","00:28:03:22","00:28:05:23","00:28:04:01","00:28:05:19"
"ARMY BUS DAY INT 05","00:28:05:23","00:28:10:06","00:28:06:02","00:28:10:02"
"ARMY BUS DAY INT 06","00:28:10:06","00:28:12:15","00:28:10:10","00:28:12:11"
"ARMY BUS DAY INT 07","00:28:12:15","00:28:55:14","00:28:12:19","00:28:55:10"
"ARMY BUS DAY INT 08","00:28:55:14","00:28:59:16","00:28:55:18","00:28:59:12"
"KITCHEN WITH BUBBAS GRANDMOTHER DAY INT 01","00:28:59:16","00:29:04:23","00:28:59:20","00:29:04:19"
"ARMY BUS DAY INT 09","00:29:04:23","00:29:19:06","00:29:05:02","00:29:19:02"
"BARRACKS DAY INT 01","00:29:19:06","00:29:56:14","00:29:19:10","00:29:56:10"
"BARRACKS DAY INT 02","00:29:56:14","00:30:45:17","00:29:56:18","00:30:45:13"
"BARRACKS DAY INT 03","00:30:45:17","00:30:56:13","00:30:45:21","00:30:56:09"
"BARRACKS DAY INT 04","00:30:56:13","00:31:11:24","00:30:56:17","00:31:11:20"
"BARRACKS NIGHT INT 01","00:31:11:24","00:31:38:14","00:31:12:03","00:31:38:10"
"BARRACKS NIGHT INT 02","00:31:38:14","00:31:41:21","00:31:38:18","00:31:41:17"
"BARRACKS NIGHT INT 03","00:31:41:21","00:31:47:12","00:31:42:00","00:31:47:08"
"BARRACKS NIGHT INT 04","00:31:47:12","00:31:55:24","00:31:47:16","00:31:55:20"
"BARRACKS NIGHT INT 05","00:31:55:24","00:32:31:15","00:31:56:03","00:32:31:11"
"CLUB IN MEMPHIS NIGHT INT 01","00:32:31:15","00:32:32:18","00:32:31:19","00:32:32:14"
"CLUB IN MEMPHIS NIGHT INT 02","00:32:32:18","00:32:46:23","00:32:32:22","00:32:46:19"
"CLUB IN MEMPHIS NIGHT INT 03","00:32:46:23","00:32:58:15","00:32:47:02","00:32:58:11"
"CLUB IN MEMPHIS NIGHT INT 04","00:32:58:15","00:33:04:16","00:32:58:19","00:33:04:12"
"CLUB IN MEMPHIS NIGHT INT 05","00:33:04:16","00:33:10:12","00:33:04:20","00:33:10:08"
"CLUB IN MEMPHIS NIGHT INT 06","00:33:10:12","00:33:13:16","00:33:10:16","00:33:13:12"
"CLUB IN MEMPHIS NIGHT INT 07","00:33:13:16","00:33:18:24","00:33:13:20","00:33:18:20"
"CLUB IN MEMPHIS NIGHT INT 08","00:33:18:24","00:33:21:15","00:33:19:03","00:33:21:11"
"CLUB IN MEMPHIS NIGHT INT 09","00:33:21:15","00:33:23:01","00:33:21:19","00:33:22:22"
"CLUB IN MEMPHIS NIGHT INT 10","00:33:23:01","00:33:24:24","00:33:23:05","00:33:24:20"
"CLUB IN MEMPHIS NIGHT INT 11","00:33:24:24","00:33:25:15","00:33:25:03","00:33:25:11"
"CLUB IN MEMPHIS NIGHT INT 12","00:33:25:15","00:33:33:20","00:33:25:19","00:33:33:16"
"CLUB IN MEMPHIS NIGHT INT 13","00:33:33:20","00:33:37:08","00:33:33:24","00:33:37:04"
"CLUB IN MEMPHIS NIGHT INT 14","00:33:37:08","00:33:40:11","00:33:37:12","00:33:40:07"
"CLUB IN MEMPHIS NIGHT INT 15","00:33:40:11","00:33:45:04","00:33:40:15","00:33:45:00"
"CLUB IN MEMPHIS NIGHT INT 16","00:33:45:04","00:33:49:02","00:33:45:08","00:33:48:23"
"MEMPHIS BRIDGE NIGHT EXT 01","00:33:49:02","00:33:58:02","00:33:49:06","00:33:57:23"
"MEMPHIS BRIDGE NIGHT EXT 02","00:33:58:02","00:34:02:00","00:33:58:06","00:34:01:21"
"MEMPHIS BRIDGE NIGHT EXT 03","00:34:02:00","00:34:05:11","00:34:02:04","00:34:05:07"
"MEMPHIS BRIDGE NIGHT EXT 04","00:34:05:11","00:34:09:16","00:34:05:15","00:34:09:12"
"MEMPHIS BRIDGE NIGHT EXT 05","00:34:09:16","00:34:33:09","00:34:09:20","00:34:33:05"
"MEMPHIS BRIDGE NIGHT EXT 06","00:34:33:09","00:34:43:06","00:34:33:13","00:34:43:02"
"MEMPHIS BRIDGE NIGHT EXT 07","00:34:43:06","00:34:49:18","00:34:43:10","00:34:49:14"
"MEMPHIS BRIDGE NIGHT EXT 08","00:34:49:18","00:35:03:10","00:34:49:22","00:35:03:06"
"MEMPHIS BRIDGE NIGHT EXT 09","00:35:03:10","00:35:05:20","00:35:03:14","00:35:05:16"
"MEMPHIS BRIDGE NIGHT EXT 10","00:35:05:20","00:35:07:10","00:35:05:24","00:35:07:06"
"MEMPHIS BRIDGE NIGHT EXT 11","00:35:07:10","00:35:11:12","00:35:07:14","00:35:11:08"
"MEMPHIS BRIDGE NIGHT EXT 12","00:35:11:12","00:35:13:01","00:35:11:16","00:35:12:22"
"MEMPHIS BRIDGE NIGHT EXT 13","00:35:13:01","00:35:15:21","00:35:13:05","00:35:15:17"
"MEMPHIS BRIDGE NIGHT EXT 14","00:35:15:21","00:35:27:13","00:35:16:00","00:35:27:09"
"MEMPHIS BRIDGE NIGHT EXT 15","00:35:27:13","00:35:31:19","00:35:27:17","00:35:31:15"
"MEMPHIS BRIDGE NIGHT EXT 16","00:35:31:19","00:35:35:19","00:35:31:23","00:35:35:15"
"MEMPHIS BRIDGE NIGHT EXT 17","00:35:35:19","00:35:37:06","00:35:35:23","00:35:37:02"
"MEMPHIS BRIDGE NIGHT EXT 18","00:35:37:06","00:35:38:16","00:35:37:10","00:35:38:12"
"MEMPHIS BRIDGE NIGHT EXT 19","00:35:38:16","00:35:42:12","00:35:38:20","00:35:42:08"
"MEMPHIS BRIDGE NIGHT EXT 20","00:35:42:12","00:35:46:06","00:35:42:16","00:35:46:02"
"MEMPHIS BRIDGE NIGHT EXT 21","00:35:46:06","00:35:47:19","00:35:46:10","00:35:47:15"
"MEMPHIS BRIDGE NIGHT EXT 22","00:35:47:19","00:35:50:18","00:35:47:23","00:35:50:14"
"VIETNAM MILITARY BASE DAY EXT 01","00:35:50:18","00:36:06:16","00:35:50:22","00:36:06:12"
"VIETNAM MILITARY BASE DAY EXT 02","00:36:06:16","00:36:33:08","00:36:06:20","00:36:33:04"
"VIETNAM MILITARY BASE DAY EXT 03","00:36:33:08","00:36:57:21","00:36:33:12","00:36:57:17"
"VIETNAM MILITARY BASE DAY EXT 04","00:36:57:21","00:37:37:00","00:36:58:00","00:37:36:21"
"VIETNAM MILITARY BASE DAY EXT 05","00:37:37:00","00:37:41:16","00:37:37:04","00:37:41:12"
"VIETNAM MILITARY BASE DAY EXT 06","00:37:41:16","00:37:46:05","00:37:41:20","00:37:46:01"
"VIETNAM MILITARY BASE DAY EXT 07","00:37:46:05","00:37:59:11","00:37:46:09","00:37:59:07"
"VIETNAM MILITARY BASE DAY EXT 08","00:37:59:11","00:38:01:11","00:37:59:15","00:38:01:07"
"VIETNAM MILITARY BASE DAY EXT 09","00:38:01:11","00:38:06:22","00:38:01:15","00:38:06:18"
"VIETNAM MILITARY BASE DAY EXT 10","00:38:06:22","00:38:26:16","00:38:07:01","00:38:26:12"
"VIETNAM MILITARY BASE DAY EXT 11","00:38:26:16","00:38:29:03","00:38:26:20","00:38:28:24"
"VIETNAM MILITARY BASE DAY EXT 12","00:38:29:03","00:38:30:15","00:38:29:07","00:38:30:11"
"AMERICAN CIVIL WAR DAY EXT 01","00:38:30:15","00:38:32:05","00:38:30:19","00:38:32:01"
"WORLD WAR 1 DAY EXT 01","00:38:32:05","00:38:35:11","00:38:32:09","00:38:35:07"
"VIETNAM MILITARY BASE DAY EXT 13","00:38:35:11","00:39:19:18","00:38:35:15","00:39:19:14"
"VIETNAM RICE FIELD DAY EXT 01","00:39:19:18","00:39:28:01","00:39:19:22","00:39:27:22"
"VIETNAM RICE FIELD DAY EXT 02","00:39:28:01","00:39:35:13","00:39:28:05","00:39:35:09"
"VIETNAM RICE FIELD DAY EXT 03","00:39:35:13","00:39:46:22","00:39:35:17","00:39:46:18"
"VIETNAM ROAD DAY EXT 01","00:39:46:22","00:39:56:21","00:39:47:01","00:39:56:17"
"VIETNAM ROAD DAY EXT 02","00:39:56:21","00:39:58:22","00:39:57:00","00:39:58:18"
"VIETNAM ROAD DAY EXT 03","00:39:58:22","00:40:06:01","00:39:59:01","00:40:05:22"
"VIETNAM ROAD DAY EXT 05","00:40:06:01","00:40:21:08","00:40:06:05","00:40:21:04"
"VIETNAM FIELD DAY EXT 01","00:40:21:08","00:40:23:05","00:40:21:12","00:40:23:01"
"VIETNAM FIELD DAY EXT 02","00:40:23:05","00:40:31:06","00:40:23:09","00:40:31:02"
"VIETNAM FIELD DAY EXT 03","00:40:31:06","00:40:34:11","00:40:31:10","00:40:34:07"
"VIETNAM FIELD DAY EXT 04","00:40:34:11","00:40:41:11","00:40:34:15","00:40:41:07"
"VIETNAM FIELD DAY EXT 05","00:40:41:11","00:40:43:01","00:40:41:15","00:40:42:22"
"VIETNAM FIELD DAY EXT 06","00:40:43:01","00:40:46:02","00:40:43:05","00:40:45:23"
"VIETNAM FIELD DAY EXT 07","00:40:46:02","00:40:47:15","00:40:46:06","00:40:47:11"
"VIETNAM FIELD DAY EXT 08","00:40:47:15","00:40:49:05","00:40:47:19","00:40:49:01"
"VIETNAM FIELD DAY EXT 09","00:40:49:05","00:40:51:09","00:40:49:09","00:40:51:05"
"VIETNAM FIELD DAY EXT 11","00:40:51:09","00:40:55:12","00:40:51:13","00:40:55:08"
"VIETNAM FIELD DAY EXT 12","00:40:55:12","00:41:01:04","00:40:55:16","00:41:01:00"
"VIETNAM FIELD DAY EXT 13","00:41:01:04","00:41:04:00","00:41:01:08","00:41:03:21"
"VIETNAM FIELD DAY EXT 14","00:41:04:00","00:41:17:01","00:41:04:04","00:41:16:22"
"VIETNAM FIELD DAY EXT 15","00:41:17:01","00:41:28:18","00:41:17:05","00:41:28:14"
"VIETNAM RICE FIELD DAY EXT 04","00:41:28:18","00:41:39:08","00:41:28:22","00:41:39:04"
"VIETNAM RICE FIELD DAY EXT 05","00:41:39:08","00:41:45:07","00:41:39:12","00:41:45:03"
"VIETNAM JUNGLE DAY EXT 01","00:41:45:07","00:41:49:02","00:41:45:11","00:41:48:23"
"VIETNAM JUNGLE DAY EXT 02","00:41:49:02","00:41:51:20","00:41:49:06","00:41:51:16"
"VIETNAM JUNGLE DAY EXT 03","00:41:51:20","00:41:56:21","00:41:51:24","00:41:56:17"
"VIETNAM CAMP NIGHT EXT 01","00:41:56:21","00:43:03:03","00:41:57:00","00:43:02:24"
"VIETNAM CAMP NIGHT EXT 02","00:43:03:03","00:43:20:24","00:43:03:07","00:43:20:20"
"GRANDMA'S TRAILER DAY EXT 02","00:43:20:24","00:43:31:17","00:43:21:03","00:43:31:13"
"GRANDMA'S TRAILER DAY EXT 03","00:43:31:17","00:43:38:22","00:43:31:21","00:43:38:18"
"VIETNAM JUNGLE DAY EXT 04","00:43:38:22","00:44:20:11","00:43:39:01","00:44:20:07"
"VIETNAM JUNGLE DAY EXT 05","00:44:20:11","00:44:26:06","00:44:20:15","00:44:26:02"
"VIETNAM JUNGLE DAY EXT 06","00:44:26:06","00:44:27:24","00:44:26:10","00:44:27:20"
"VIETNAM JUNGLE DAY EXT 07","00:44:27:24","00:44:29:08","00:44:28:03","00:44:29:04"
"VIETNAM JUNGLE DAY EXT 08","00:44:29:08","00:44:30:18","00:44:29:12","00:44:30:14"
"VIETNAM JUNGLE DAY EXT 09","00:44:30:18","00:44:38:21","00:44:30:22","00:44:38:17"
"VIETNAM JUNGLE DAY EXT 10","00:44:38:21","00:44:41:04","00:44:39:00","00:44:41:00"
"VIETNAM JUNGLE DAY EXT 11","00:44:41:04","00:44:44:24","00:44:41:08","00:44:44:20"
"VIETNAM JUNGLE DAY EXT 12","00:44:44:24","00:44:46:19","00:44:45:03","00:44:46:15"
"VIETNAM JUNGLE DAY EXT 13","00:44:46:19","00:44:47:14","00:44:46:23","00:44:47:10"
"VIETNAM JUNGLE DAY EXT 14","00:44:47:14","00:44:49:03","00:44:47:18","00:44:48:24"
"VIETNAM JUNGLE DAY EXT 15","00:44:49:03","00:44:51:07","00:44:49:07","00:44:51:03"
"VIETNAM JUNGLE DAY EXT 16","00:44:51:07","00:44:52:19","00:44:51:11","00:44:52:15"
"VIETNAM JUNGLE DAY EXT 17","00:44:52:19","00:44:53:18","00:44:52:23","00:44:53:14"
"VIETNAM JUNGLE DAY EXT 18","00:44:53:18","00:44:59:18","00:44:53:22","00:44:59:14"
"VIETNAM JUNGLE DAY EXT 19","00:44:59:18","00:45:01:10","00:44:59:22","00:45:01:06"
"VIETNAM JUNGLE DAY EXT 20","00:45:01:10","00:45:02:14","00:45:01:14","00:45:02:10"
"VIETNAM JUNGLE DAY EXT 21","00:45:02:14","00:45:03:10","00:45:02:18","00:45:03:06"
"VIETNAM JUNGLE DAY EXT 22","00:45:03:10","00:45:04:14","00:45:03:14","00:45:04:10"
"VIETNAM JUNGLE DAY EXT 23","00:45:04:14","00:45:06:08","00:45:04:18","00:45:06:04"
"VIETNAM JUNGLE DAY EXT 24","00:45:06:08","00:45:07:00","00:45:06:12","00:45:06:21"
"VIETNAM JUNGLE DAY EXT 25","00:45:07:00","00:45:08:11","00:45:07:04","00:45:08:07"
"VIETNAM JUNGLE DAY EXT 26","00:45:08:11","00:45:09:06","00:45:08:15","00:45:09:02"
"VIETNAM JUNGLE DAY EXT 27","00:45:09:06","00:45:10:21","00:45:09:10","00:45:10:17"
"VIETNAM JUNGLE DAY EXT 28","00:45:10:21","00:45:12:07","00:45:11:00","00:45:12:03"
"VIETNAM JUNGLE DAY EXT 29","00:45:12:07","00:45:15:10","00:45:12:11","00:45:15:06"
"VIETNAM JUNGLE DAY EXT 30","00:45:15:10","00:45:23:03","00:45:15:14","00:45:22:24"
"VIETNAM JUNGLE DAY EXT 31","00:45:23:03","00:45:27:01","00:45:23:07","00:45:26:22"
"VIETNAM JUNGLE DAY EXT 32","00:45:27:01","00:45:35:07","00:45:27:05","00:45:35:03"
"VIETNAM JUNGLE DAY EXT 33","00:45:35:07","00:45:44:03","00:45:35:11","00:45:43:24"
"VIETNAM JUNGLE DAY EXT 34","00:45:44:03","00:46:01:22","00:45:44:07","00:46:01:18"
"VIETNAM JUNGLE DAY EXT 35","00:46:01:22","00:46:06:17","00:46:02:01","00:46:06:13"
"VIETNAM JUNGLE DAY EXT 36","00:46:06:17","00:46:20:15","00:46:06:21","00:46:20:11"
"VIETNAM JUNGLE DAY EXT 37","00:46:20:15","00:46:22:10","00:46:20:19","00:46:22:06"
"VIETNAM JUNGLE DAY EXT 38","00:46:22:10","00:46:23:12","00:46:22:14","00:46:23:08"
"VIETNAM JUNGLE DAY EXT 39","00:46:23:12","00:46:29:15","00:46:23:16","00:46:29:11"
"VIETNAM JUNGLE DAY EXT 40","00:46:29:15","00:46:31:08","00:46:29:19","00:46:31:04"
"VIETNAM JUNGLE DAY EXT 41","00:46:31:08","00:46:37:19","00:46:31:12","00:46:37:15"
"VIETNAM JUNGLE DAY EXT 42","00:46:37:19","00:46:48:14","00:46:37:23","00:46:48:10"
"VIETNAM JUNGLE DAY EXT 43","00:46:48:14","00:46:52:22","00:46:48:18","00:46:52:18"
"VIETNAM JUNGLE DAY EXT 44","00:46:52:22","00:46:58:09","00:46:53:01","00:46:58:05"
"VIETNAM JUNGLE DAY EXT 45","00:46:58:09","00:47:01:06","00:46:58:13","00:47:01:02"
"VIETNAM JUNGLE DAY EXT 46","00:47:01:06","00:47:03:10","00:47:01:10","00:47:03:06"
"VIETNAM JUNGLE DAY EXT 47","00:47:03:10","00:47:06:08","00:47:03:14","00:47:06:04"
"VIETNAM JUNGLE DAY EXT 48","00:47:06:08","00:47:11:01","00:47:06:12","00:47:10:22"
"VIETNAM JUNGLE DAY EXT 49","00:47:11:01","00:47:36:09","00:47:11:05","00:47:36:05"
"VIETNAM JUNGLE DAY EXT 50","00:47:36:09","00:47:45:13","00:47:36:13","00:47:45:09"
"VIETNAM JUNGLE DAY EXT 52","00:47:45:13","00:47:56:09","00:47:45:17","00:47:56:05"
"VIETNAM JUNGLE DAY EXT 53","00:47:56:09","00:47:58:01","00:47:56:13","00:47:57:22"
"VIETNAM JUNGLE DAY EXT 54","00:47:58:01","00:48:01:09","00:47:58:05","00:48:01:05"
"VIETNAM JUNGLE DAY EXT 55","00:48:01:09","00:48:09:04","00:48:01:13","00:48:09:00"
"VIETNAM JUNGLE DAY EXT 56","00:48:09:04","00:48:16:09","00:48:09:08","00:48:16:05"
"VIETNAM JUNGLE DAY EXT 57","00:48:16:09","00:48:21:05","00:48:16:13","00:48:21:01"
"VIETNAM JUNGLE DAY EXT 58","00:48:21:05","00:48:28:08","00:48:21:09","00:48:28:04"
"VIETNAM JUNGLE DAY EXT 59","00:48:28:08","00:48:34:09","00:48:28:12","00:48:34:05"
"VIETNAM JUNGLE DAY EXT 60","00:48:34:09","00:48:39:11","00:48:34:13","00:48:39:07"
"VIETNAM JUNGLE DAY EXT 61","00:48:39:11","00:48:41:16","00:48:39:15","00:48:41:12"
"VIETNAM JUNGLE DAY EXT 62","00:48:41:16","00:48:50:01","00:48:41:20","00:48:49:22"
"VIETNAM JUNGLE DAY EXT 63","00:48:50:01","00:48:58:06","00:48:50:05","00:48:58:02"
"VIETNAM JUNGLE DAY EXT 64","00:48:58:06","00:49:00:02","00:48:58:10","00:48:59:23"
"VIETNAM JUNGLE DAY EXT 65","00:49:00:02","00:49:25:04","00:49:00:06","00:49:25:00"
"VIETNAM JUNGLE DAY EXT 66","00:49:25:04","00:49:30:15","00:49:25:08","00:49:30:11"
"VIETNAM JUNGLE DAY EXT 67","00:49:30:15","00:49:36:21","00:49:30:19","00:49:36:17"
"VIETNAM JUNGLE DAY EXT 68","00:49:36:21","00:50:01:23","00:49:37:00","00:50:01:19"
"VIETNAM JUNGLE DAY EXT 69","00:50:01:23","00:50:13:06","00:50:02:02","00:50:13:02"
"VIETNAM JUNGLE DAY EXT 70","00:50:13:06","00:50:27:24","00:50:13:10","00:50:27:20"
"VIETNAM JUNGLE DAY EXT 71","00:50:27:24","00:50:41:14","00:50:28:03","00:50:41:10"
"VIETNAM JUNGLE DAY EXT 72","00:50:41:14","00:50:59:23","00:50:41:18","00:50:59:19"
"SAVANNAH DAY EXT 10","00:50:59:23","00:51:13:21","00:51:00:02","00:51:13:17"
"SAVANNAH DAY EXT 11","00:51:13:21","00:51:34:01","00:51:14:00","00:51:33:22"
"SAVANNAH DAY EXT 12","00:51:34:01","00:52:05:19","00:51:34:05","00:52:05:15"
"MILITARY HOSPITAL DAY INT 01","00:52:05:19","00:52:20:20","00:52:05:23","00:52:20:16"
"MILITARY HOSPITAL DAY INT 02","00:52:20:20","00:52:36:01","00:52:20:24","00:52:35:22"
"MILITARY HOSPITAL DAY INT 03","00:52:36:01","00:52:44:18","00:52:36:05","00:52:44:14"
"MILITARY HOSPITAL DAY INT 04","00:52:44:18","00:52:51:09","00:52:44:22","00:52:51:05"
"MILITARY HOSPITAL DAY INT 05","00:52:51:09","00:53:45:17","00:52:51:13","00:53:45:13"
"MILITARY HOSPITAL DAY INT 06","00:53:45:17","00:53:51:15","00:53:45:21","00:53:51:11"
"MILITARY HOSPITAL DAY INT 07","00:53:51:15","00:53:55:02","00:53:51:19","00:53:54:23"
"MILITARY HOSPITAL DAY INT 08","00:53:55:02","00:54:11:24","00:53:55:06","00:54:11:20"
"MILITARY HOSPITAL DAY INT 09","00:54:11:24","00:54:27:23","00:54:12:03","00:54:27:19"
"MILITARY HOSPITAL DAY INT 10","00:54:27:23","00:54:36:17","00:54:28:02","00:54:36:13"
"MILITARY HOSPITAL DAY INT 11","00:54:36:17","00:54:54:04","00:54:36:21","00:54:54:00"
"MILITARY HOSPITAL DAY INT 12","00:54:54:04","00:54:57:18","00:54:54:08","00:54:57:14"
"PURPLE HEART (BROADCAST) DAY INT 01","00:54:57:18","00:55:02:14","00:54:57:22","00:55:02:10"
"BARBERSHOP DAY INT 01","00:55:02:14","00:55:05:23","00:55:02:18","00:55:05:19"
"PURPLE HEART (BROADCAST) DAY INT 02","00:55:05:23","00:55:07:22","00:55:06:02","00:55:07:18"
"PURPLE HEART (BROADCAST) DAY INT 03","00:55:07:22","00:55:09:14","00:55:08:01","00:55:09:10"
"PURPLE HEART (BROADCAST) DAY INT 04","00:55:09:14","00:55:15:00","00:55:09:18","00:55:14:21"
"PURPLE HEART (BROADCAST) DAY INT 05","00:55:15:00","00:55:16:23","00:55:15:04","00:55:16:19"
"PURPLE HEART (BROADCAST) DAY INT 06","00:55:16:23","00:55:23:18","00:55:17:02","00:55:23:14"
"PURPLE HEART (BROADCAST) DAY INT 07","00:55:23:18","00:55:27:12","00:55:23:22","00:55:27:08"
"BARBERSHOP DAY INT 02","00:55:27:12","00:55:28:21","00:55:27:16","00:55:28:17"
"PURPLE HEART (BROADCAST) DAY INT 08","00:55:28:21","00:55:29:19","00:55:29:00","00:55:29:15"
"PURPLE HEART (BROADCAST) DAY INT 09","00:55:29:19","00:55:30:19","00:55:29:23","00:55:30:15"
"PURPLE HEART (BROADCAST) DAY INT 10","00:55:30:19","00:55:34:20","00:55:30:23","00:55:34:16"
"WASHINGTON D.C. DAY EXT 01","00:55:34:20","00:55:48:07","00:55:34:24","00:55:48:03"
"WASHINGTON D.C. DAY EXT 02","00:55:48:07","00:55:58:17","00:55:48:11","00:55:58:13"
"WASHINGTON D.C. DAY EXT 03","00:55:58:17","00:56:00:10","00:55:58:21","00:56:00:06"
"WASHINGTON D.C. DAY EXT 04","00:56:00:10","00:56:09:12","00:56:00:14","00:56:09:08"
"WASHINGTON D.C. DAY EXT 05","00:56:09:12","00:56:37:21","00:56:09:16","00:56:37:17"
"WASHINGTON D.C. DAY EXT 06","00:56:37:21","00:56:43:11","00:56:38:00","00:56:43:07"
"WASHINGTON D.C. DAY EXT 07","00:56:43:11","00:56:50:18","00:56:43:15","00:56:50:14"
"WASHINGTON D.C. DAY EXT 08","00:56:50:18","00:56:53:19","00:56:50:22","00:56:53:15"
"WASHINGTON D.C. DAY EXT 09","00:56:53:19","00:56:56:19","00:56:53:23","00:56:56:15"
"WASHINGTON D.C. DAY EXT 10","00:56:56:19","00:56:58:04","00:56:56:23","00:56:58:00"
"WASHINGTON D.C. DAY EXT 11","00:56:58:04","00:57:18:14","00:56:58:08","00:57:18:10"
"WASHINGTON D.C. DAY EXT 12","00:57:18:14","00:57:23:06","00:57:18:18","00:57:23:02"
"WASHINGTON D.C. DAY EXT 13","00:57:23:06","00:57:25:15","00:57:23:10","00:57:25:11"
"WASHINGTON D.C. DAY EXT 14","00:57:25:15","00:57:29:09","00:57:25:19","00:57:29:05"
"WASHINGTON D.C. DAY EXT 15","00:57:29:09","00:57:35:03","00:57:29:13","00:57:34:24"
"WASHINGTON D.C. DAY EXT 16","00:57:35:03","00:57:38:19","00:57:35:07","00:57:38:15"
"WASHINGTON D.C. DAY EXT 17","00:57:38:19","00:57:58:01","00:57:38:23","00:57:57:22"
"WASHINGTON D.C. DAY EXT 18","00:57:58:01","00:58:07:24","00:57:58:05","00:58:07:20"
"WASHINGTON D.C. DAY EXT 19","00:58:07:24","00:58:10:11","00:58:08:03","00:58:10:07"
"WASHINGTON D.C. DAY EXT 20","00:58:10:11","00:58:20:23","00:58:10:15","00:58:20:19"
"WASHINGTON D.C. DAY EXT 21","00:58:20:23","00:58:24:09","00:58:21:02","00:58:24:05"
"WASHINGTON D.C. DAY EXT 22","00:58:24:09","00:58:27:14","00:58:24:13","00:58:27:10"
"WASHINGTON D.C. DAY EXT 23","00:58:27:14","00:58:29:11","00:58:27:18","00:58:29:07"
"WASHINGTON D.C. DAY EXT 24","00:58:29:11","00:58:32:00","00:58:29:15","00:58:31:21"
"WASHINGTON D.C. DAY EXT 25","00:58:32:00","00:58:36:03","00:58:32:04","00:58:35:24"
"WASHINGTON D.C. DAY EXT 26","00:58:36:03","00:58:40:00","00:58:36:07","00:58:39:21"
"WASHINGTON D.C. DAY EXT 27","00:58:40:00","00:58:46:02","00:58:40:04","00:58:45:23"
"WASHINGTON D.C. DAY EXT 28","00:58:46:02","00:58:56:00","00:58:46:06","00:58:55:21"
"WASHINGTON D.C. DAY EXT 29","00:58:56:00","00:59:03:05","00:58:56:04","00:59:03:01"
"WASHINGTON D.C. DAY EXT 30","00:59:03:05","00:59:04:09","00:59:03:09","00:59:04:05"
"WASHINGTON D.C. DAY EXT 31","00:59:04:09","00:59:06:08","00:59:04:13","00:59:06:04"
"WASHINGTON D.C. DAY EXT 32","00:59:06:08","00:59:08:05","00:59:06:12","00:59:08:01"
"WASHINGTON D.C. DAY EXT 33","00:59:08:05","00:59:09:21","00:59:08:09","00:59:09:17"
"WASHINGTON D.C. DAY EXT 34","00:59:09:21","00:59:12:06","00:59:10:00","00:59:12:02"
"WASHINGTON D.C. DAY EXT 35","00:59:12:06","00:59:14:10","00:59:12:10","00:59:14:06"
"WASHINGTON D.C. DAY EXT 36","00:59:14:10","00:59:16:09","00:59:14:14","00:59:16:05"
"WASHINGTON D.C. DAY EXT 37","00:59:16:09","00:59:18:07","00:59:16:13","00:59:18:03"
"WASHINGTON D.C. DAY EXT 38","00:59:18:07","00:59:24:02","00:59:18:11","00:59:23:23"
"WASHINGTON D.C. DAY EXT 39","00:59:24:02","00:59:27:19","00:59:24:06","00:59:27:15"
"WASHINGTON D.C. DAY EXT 40","00:59:27:19","00:59:38:15","00:59:27:23","00:59:38:11"
"WASHINGTON D.C. NIGHT EXT 01","00:59:38:15","00:59:47:07","00:59:38:19","00:59:47:03"
"WASHINGTON D.C. NIGHT EXT 02","00:59:47:07","00:59:53:18","00:59:47:11","00:59:53:14"
"BLACK PANTHER HQ NIGHT INT 01","00:59:53:18","01:00:39:16","00:59:53:22","01:00:39:12"
"BLACK PANTHER HQ NIGHT INT 02","01:00:39:16","01:00:43:09","01:00:39:20","01:00:43:05"
"BLACK PANTHER HQ NIGHT INT 03","01:00:43:09","01:00:45:10","01:00:43:13","01:00:45:06"
"BLACK PANTHER HQ NIGHT INT 04","01:00:45:10","01:00:46:02","01:00:45:14","01:00:45:23"
"BLACK PANTHER HQ NIGHT INT 05","01:00:46:02","01:00:47:04","01:00:46:06","01:00:47:00"
"BLACK PANTHER HQ NIGHT INT 06","01:00:47:04","01:00:52:20","01:00:47:08","01:00:52:16"
"BLACK PANTHER HQ NIGHT INT 07","01:00:52:20","01:00:54:00","01:00:52:24","01:00:53:21"
"BLACK PANTHER HQ NIGHT INT 08","01:00:54:00","01:00:55:20","01:00:54:04","01:00:55:16"
"BLACK PANTHER HQ NIGHT INT 09","01:00:55:20","01:00:56:09","01:00:55:24","01:00:56:05"
"BLACK PANTHER HQ NIGHT INT 10","01:00:56:09","01:00:57:22","01:00:56:13","01:00:57:18"
"BLACK PANTHER HQ NIGHT INT 11","01:00:57:22","01:01:01:13","01:00:58:01","01:01:01:09"
"BLACK PANTHER HQ NIGHT INT 12","01:01:01:13","01:01:02:20","01:01:01:17","01:01:02:16"
"BLACK PANTHER HQ NIGHT INT 13","01:01:02:20","01:01:20:13","01:01:02:24","01:01:20:09"
"BLACK PANTHER HQ NIGHT INT 14","01:01:20:13","01:01:23:04","01:01:20:17","01:01:23:00"
"BLACK PANTHER HQ NIGHT INT 15","01:01:23:04","01:01:33:01","01:01:23:08","01:01:32:22"
"BLACK PANTHER HQ NIGHT INT 16","01:01:33:01","01:01:34:16","01:01:33:05","01:01:34:12"
"BLACK PANTHER HQ NIGHT INT 17","01:01:34:16","01:01:40:20","01:01:34:20","01:01:40:16"
"WASHINGTON D.C. NIGHT EXT 03","01:01:40:20","01:02:32:07","01:01:40:24","01:02:32:03"
"WASHINGTON D.C. NIGHT EXT 04","01:02:32:07","01:02:34:14","01:02:32:11","01:02:34:10"
"FLASHBACK HIGHWAY DAY EXT 01","01:02:34:14","01:02:36:23","01:02:34:18","01:02:36:19"
"FLASHBACK HIGHWAY DAY EXT 02","01:02:36:23","01:02:44:04","01:02:37:02","01:02:44:00"
"HOLLYWOOD DAY EXT 01","01:02:44:04","01:02:52:22","01:02:44:08","01:02:52:18"
"HOLLYWOOD DAY EXT 02","01:02:52:22","01:02:55:03","01:02:53:01","01:02:54:24"
"HOLLYWOOD DAY EXT 03","01:02:55:03","01:02:56:14","01:02:55:07","01:02:56:10"
"HOLLYWOOD DAY EXT 04","01:02:56:14","01:02:57:23","01:02:56:18","01:02:57:19"
"WASHINGTON D.C. DAWN EXT 01","01:02:57:23","01:03:05:16","01:02:58:02","01:03:05:12"
"WASHINGTON D.C. DAWN EXT 02","01:03:05:16","01:03:26:06","01:03:05:20","01:03:26:02"
"WASHINGTON D.C. DAWN EXT 03","01:03:26:06","01:03:38:02","01:03:26:10","01:03:37:23"
"WASHINGTON D.C. DAWN EXT 04","01:03:38:02","01:03:52:15","01:03:38:06","01:03:52:11"
"WASHINGTON D.C. DAWN EXT 05","01:03:52:15","01:04:05:00","01:03:52:19","01:04:04:21"
"WASHINGTON D.C. DAWN EXT 06","01:04:05:00","01:04:10:16","01:04:05:04","01:04:10:12"
"WASHINGTON D.C. DAWN EXT 07","01:04:10:16","01:04:17:05","01:04:10:20","01:04:17:01"
"WASHINGTON D.C. DAWN EXT 08","01:04:17:05","01:04:20:06","01:04:17:09","01:04:20:02"
"WASHINGTON D.C. DAWN EXT 09","01:04:20:06","01:04:23:19","01:04:20:10","01:04:23:15"
"WASHINGTON D.C. DAWN EXT 10","01:04:23:19","01:04:28:15","01:04:23:23","01:04:28:11"
"WASHINGTON D.C. DAWN EXT 11","01:04:28:15","01:04:32:03","01:04:28:19","01:04:31:24"
"WASHINGTON D.C. DAWN EXT 12","01:04:32:03","01:04:40:06","01:04:32:07","01:04:40:02"
"WASHINGTON D.C. DAWN EXT 13","01:04:40:06","01:04:41:16","01:04:40:10","01:04:41:12"
"WASHINGTON D.C. DAWN EXT 14","01:04:41:16","01:04:43:00","01:04:41:20","01:04:42:21"
"WASHINGTON D.C. DAWN EXT 15","01:04:43:00","01:04:44:07","01:04:43:04","01:04:44:03"
"WASHINGTON D.C. DAWN EXT 16","01:04:44:07","01:04:46:06","01:04:44:11","01:04:46:02"
"WASHINGTON D.C. DAWN EXT 17","01:04:46:06","01:04:47:15","01:04:46:10","01:04:47:11"
"WASHINGTON D.C. DAWN EXT 18","01:04:47:15","01:04:48:18","01:04:47:19","01:04:48:14"
"WASHINGTON D.C. DAWN EXT 19","01:04:48:18","01:04:54:03","01:04:48:22","01:04:53:24"
"WASHINGTON D.C. DAWN EXT 20","01:04:54:03","01:04:55:00","01:04:54:07","01:04:54:21"
"WASHINGTON D.C. DAWN EXT 21","01:04:55:00","01:04:56:12","01:04:55:04","01:04:56:08"
"WASHINGTON D.C. DAWN EXT 22","01:04:56:12","01:04:58:01","01:04:56:16","01:04:57:22"
"WASHINGTON D.C. DAWN EXT 23","01:04:58:01","01:05:00:11","01:04:58:05","01:05:00:07"
"WASHINGTON D.C. DAWN EXT 24","01:05:00:11","01:05:05:07","01:05:00:15","01:05:05:03"
"WASHINGTON D.C. DAWN EXT 25","01:05:05:07","01:05:12:00","01:05:05:11","01:05:11:21"
"VETERANS HOSPITAL DAY INT 01","01:05:12:00","01:05:38:15","01:05:12:04","01:05:38:11"
"SAVANNAH DAY EXT 13","01:05:38:15","01:05:41:16","01:05:38:19","01:05:41:12"
"SAVANNAH DAY EXT 14","01:05:41:16","01:05:47:04","01:05:41:20","01:05:47:00"
"PING PONG TOURNAMENT IN CHINA DAY INT 01","01:05:47:04","01:05:50:09","01:05:47:08","01:05:50:05"
"PING PONG TOURNAMENT IN CHINA DAY INT 02","01:05:50:09","01:05:52:17","01:05:50:13","01:05:52:13"
"PING PONG TOURNAMENT IN CHINA DAY INT 03","01:05:52:17","01:05:58:06","01:05:52:21","01:05:58:02"
"SAVANNAH DAY EXT 15","01:05:58:06","01:06:00:04","01:05:58:10","01:06:00:00"
"SAVANNAH DAY EXT 16","01:06:00:04","01:06:03:02","01:06:00:08","01:06:02:23"
"TV SHOW DAY INT 01","01:06:03:02","01:06:06:12","01:06:03:06","01:06:06:08"
"TV SHOW DAY INT 02","01:06:06:12","01:06:14:21","01:06:06:16","01:06:14:17"
"TV SHOW DAY INT 03","01:06:14:21","01:06:26:13","01:06:15:00","01:06:26:09"
"TV SHOW DAY INT 04","01:06:26:13","01:06:32:19","01:06:26:17","01:06:32:15"
"TV SHOW DAY INT 05","01:06:32:19","01:06:34:24","01:06:32:23","01:06:34:20"
"TV SHOW DAY INT 06","01:06:34:24","01:06:41:02","01:06:35:03","01:06:40:23"
"TV SHOW DAY INT 07","01:06:41:02","01:06:44:15","01:06:41:06","01:06:44:11"
"TV SHOW DAY INT 08","01:06:44:15","01:07:00:20","01:06:44:19","01:07:00:16"
"TV SHOW DAY INT 09","01:07:00:20","01:07:11:09","01:07:00:24","01:07:11:05"
"OUTSIDE THE TV STUDIO DAY EXT 01","01:07:11:09","01:07:13:24","01:07:11:13","01:07:13:20"
"OUTSIDE THE TV STUDIO DAY EXT 02","01:07:13:24","01:07:18:22","01:07:14:03","01:07:18:18"
"OUTSIDE THE TV STUDIO DAY EXT 03","01:07:18:22","01:07:23:15","01:07:19:01","01:07:23:11"
"OUTSIDE THE TV STUDIO DAY EXT 04","01:07:23:15","01:07:34:20","01:07:23:19","01:07:34:16"
"OUTSIDE THE TV STUDIO DAY EXT 05","01:07:34:20","01:07:37:02","01:07:34:24","01:07:36:23"
"OUTSIDE THE TV STUDIO DAY EXT 06","01:07:37:02","01:07:43:12","01:07:37:06","01:07:43:08"
"OUTSIDE THE TV STUDIO DAY EXT 07","01:07:43:12","01:07:45:23","01:07:43:16","01:07:45:19"
"OUTSIDE THE TV STUDIO DAY EXT 08","01:07:45:23","01:07:49:07","01:07:46:02","01:07:49:03"
"OUTSIDE THE TV STUDIO DAY EXT 09","01:07:49:07","01:07:50:16","01:07:49:11","01:07:50:12"
"OUTSIDE THE TV STUDIO DAY EXT 10","01:07:50:16","01:07:51:18","01:07:50:20","01:07:51:14"
"OUTSIDE THE TV STUDIO DAY EXT 11","01:07:51:18","01:07:53:02","01:07:51:22","01:07:52:23"
"OUTSIDE THE TV STUDIO DAY EXT 12","01:07:53:02","01:07:55:08","01:07:53:06","01:07:55:04"
"OUTSIDE THE TV STUDIO DAY EXT 13","01:07:55:08","01:07:56:05","01:07:55:12","01:07:56:01"
"OUTSIDE THE TV STUDIO DAY EXT 14","01:07:56:05","01:07:58:15","01:07:56:09","01:07:58:11"
"OUTSIDE THE TV STUDIO DAY EXT 15","01:07:58:15","01:08:09:06","01:07:58:19","01:08:09:02"
"NEW YORK NIGHT EXT 01","01:08:09:06","01:08:32:04","01:08:09:10","01:08:32:00"
"NEW YORK NIGHT EXT 02","01:08:32:04","01:08:37:12","01:08:32:08","01:08:37:08"
"DAN'S HOTEL ROOM NIGHT INT 01","01:08:37:12","01:08:44:05","01:08:37:16","01:08:44:01"
"DAN'S HOTEL ROOM NIGHT INT 02","01:08:44:05","01:08:55:02","01:08:44:09","01:08:54:23"
"DAN'S HOTEL ROOM NIGHT INT 03","01:08:55:02","01:08:58:16","01:08:55:06","01:08:58:12"
"DAN'S HOTEL ROOM NIGHT INT 04","01:08:58:16","01:09:20:01","01:08:58:20","01:09:19:22"
"DAN'S HOTEL ROOM NIGHT INT 05","01:09:20:01","01:09:23:10","01:09:20:05","01:09:23:06"
"DAN'S HOTEL ROOM NIGHT INT 06","01:09:23:10","01:09:50:03","01:09:23:14","01:09:49:24"
"DAN'S HOTEL ROOM NIGHT INT 07","01:09:50:03","01:09:55:09","01:09:50:07","01:09:55:05"
"DAN'S HOTEL ROOM NIGHT INT 08","01:09:55:09","01:10:13:07","01:09:55:13","01:10:13:03"
"NEW YORK BAR NIGHT INT 01","01:10:13:07","01:11:50:05","01:10:13:11","01:11:50:01"
"APPARTMENT IN CALIFORNIA NIGHT INT 01","01:11:50:05","01:12:23:00","01:11:50:09","01:12:22:21"
"NEW YORK BAR NIGHT INT 02","01:12:23:00","01:12:54:08","01:12:23:04","01:12:54:04"
"NEW YORK BAR NIGHT INT 03","01:12:54:08","01:12:59:01","01:12:54:12","01:12:58:22"
"SAVANNAH DAY EXT 17","01:12:59:01","01:13:11:08","01:12:59:05","01:13:11:04"
"WHITE HOUSE DAY INT 03","01:13:11:08","01:13:28:18","01:13:11:12","01:13:28:14"
"WATERGATE HOTEL NIGHT INT 01","01:13:28:18","01:13:51:15","01:13:28:22","01:13:51:11"
"GYMNASIUM DAY INT 01","01:13:51:15","01:13:55:17","01:13:51:19","01:13:55:13"
"GYMNASIUM DAY INT 02","01:13:55:17","01:14:48:03","01:13:55:21","01:14:47:24"
"GUMP HOUSE DAY INT 10","01:14:48:03","01:15:04:06","01:14:48:07","01:15:04:02"
"GUMP HOUSE DAY INT 11","01:15:04:06","01:15:07:20","01:15:04:10","01:15:07:16"
"GUMP HOUSE DAY INT 12","01:15:07:20","01:15:44:13","01:15:07:24","01:15:44:09"
"BAYOU LA BATRE / BUBBA'S HOME DAY EXT 01","01:15:44:13","01:15:55:04","01:15:44:17","01:15:55:00"
"BAYOU LA BATRE / BUBBA'S HOME DAY EXT 02","01:15:55:04","01:15:59:13","01:15:55:08","01:15:59:09"
"BAYOU LA BATRE / BUBBA'S HOME DAY EXT 03","01:15:59:13","01:16:01:19","01:15:59:17","01:16:01:15"
"BAYOU LA BATRE / BUBBA'S HOME DAY EXT 04","01:16:01:19","01:16:03:15","01:16:01:23","01:16:03:11"
"BUBBA'S GRAVE DAY EXT 01","01:16:03:15","01:16:07:02","01:16:03:19","01:16:06:23"
"BUBBA'S GRAVE DAY EXT 02","01:16:07:02","01:16:11:22","01:16:07:06","01:16:11:18"
"BUBBA'S GRAVE DAY EXT 03","01:16:11:22","01:16:28:20","01:16:12:01","01:16:28:16"
"BAYOU LA BATRE DAY EXT 01","01:16:28:20","01:16:37:23","01:16:28:24","01:16:37:19"
"BAYOU LA BATRE DAY EXT 02","01:16:37:23","01:16:44:22","01:16:38:02","01:16:44:18"
"BUBBA'S GRAVE DAY EXT 04","01:16:44:22","01:16:54:17","01:16:45:01","01:16:54:13"
"BUBBA'S GRAVE DAY EXT 05","01:16:54:17","01:17:09:06","01:16:54:21","01:17:09:02"
"BUBBA'S GRAVE DAY EXT 06","01:17:09:06","01:17:25:04","01:17:09:10","01:17:25:00"
"BAYOU LA BATRE / ON THE BOAT DAY EXT 01","01:17:25:04","01:17:39:02","01:17:25:08","01:17:38:23"
"BAYOU LA BATRE DAY EXT 03","01:17:39:02","01:18:01:10","01:17:39:06","01:18:01:06"
"BAYOU LA BATRE DAY EXT 04","01:18:01:10","01:18:09:06","01:18:01:14","01:18:09:02"
"DISCO NIGHT INT 01","01:18:09:06","01:18:28:14","01:18:09:10","01:18:28:10"
"BAYOU LA BATRE DAY EXT 05","01:18:28:14","01:18:34:00","01:18:28:18","01:18:33:21"
"APARTMENT / BEDROOM NIGHT INT 01","01:18:34:00","01:18:57:10","01:18:34:04","01:18:57:06"
"APARTMENT / BATHROOM NIGHT INT 01","01:18:57:10","01:19:02:12","01:18:57:14","01:19:02:08"
"APARTMENT / BALCONY NIGHT EXT 01","01:19:02:12","01:19:09:15","01:19:02:16","01:19:09:11"
"APARTMENT / BALCONY NIGHT EXT 02","01:19:09:15","01:19:22:04","01:19:09:19","01:19:22:00"
"APARTMENT / BALCONY NIGHT EXT 03","01:19:22:04","01:19:24:16","01:19:22:08","01:19:24:12"
"APARTMENT / BALCONY NIGHT EXT 04","01:19:24:16","01:19:28:05","01:19:24:20","01:19:28:01"
"APARTMENT / BALCONY NIGHT EXT 05","01:19:28:05","01:19:31:04","01:19:28:09","01:19:31:00"
"APARTMENT / BALCONY NIGHT EXT 06","01:19:31:04","01:19:32:23","01:19:31:08","01:19:32:19"
"APARTMENT / BALCONY NIGHT EXT 07","01:19:32:23","01:19:35:00","01:19:33:02","01:19:34:21"
"APARTMENT / BALCONY NIGHT EXT 08","01:19:35:00","01:19:36:09","01:19:35:04","01:19:36:05"
"APARTMENT / BALCONY NIGHT EXT 09","01:19:36:09","01:19:42:18","01:19:36:13","01:19:42:14"
"APARTMENT / BALCONY NIGHT EXT 10","01:19:42:18","01:20:00:20","01:19:42:22","01:20:00:16"
"BAYOU LA BATRE / ON THE BOAT NIGHT EXT 01","01:20:00:20","01:20:18:24","01:20:00:24","01:20:18:20"
"BAYOU LA BATRE DAY EXT 06","01:20:18:24","01:20:30:14","01:20:19:03","01:20:30:10"
"BAYOU LA BATRE DAY EXT 07","01:20:30:14","01:20:33:00","01:20:30:18","01:20:32:21"
"BAYOU LA BATRE DAY EXT 08","01:20:33:00","01:20:37:23","01:20:33:04","01:20:37:19"
"BAYOU LA BATRE DAY EXT 09","01:20:37:23","01:20:39:16","01:20:38:02","01:20:39:12"
"BAYOU LA BATRE DAY EXT 10","01:20:39:16","01:20:41:04","01:20:39:20","01:20:41:00"
"BAYOU LA BATRE DAY EXT 11","01:20:41:04","01:20:44:05","01:20:41:08","01:20:44:01"
"BAYOU LA BATRE DAY EXT 12","01:20:44:05","01:20:50:05","01:20:44:09","01:20:50:01"
"BAYOU LA BATRE DAY EXT 13","01:20:50:05","01:21:11:05","01:20:50:09","01:21:11:01"
"BAYOU LA BATRE DAY EXT 14","01:21:11:05","01:21:13:13","01:21:11:09","01:21:13:09"
"BAYOU LA BATRE DAY EXT 15","01:21:13:13","01:21:15:15","01:21:13:17","01:21:15:11"
"BAYOU LA BATRE DAY EXT 16","01:21:15:15","01:21:24:07","01:21:15:19","01:21:24:03"
"BAYOU LA BATRE DAY EXT 17","01:21:24:07","01:21:29:19","01:21:24:11","01:21:29:15"
"BAYOU LA BATRE DAY EXT 18","01:21:29:19","01:21:37:16","01:21:29:23","01:21:37:12"
"BAYOU LA BATRE DAY EXT 19","01:21:37:16","01:21:40:16","01:21:37:20","01:21:40:12"
"BAYOU LA BATRE DAY EXT 20","01:21:40:16","01:21:42:19","01:21:40:20","01:21:42:15"
"BAYOU LA BATRE DAY EXT 21","01:21:42:19","01:21:57:03","01:21:42:23","01:21:56:24"
"BAYOU LA BATRE / ON THE BOAT DAY EXT 02","01:21:57:03","01:22:02:21","01:21:57:07","01:22:02:17"
"BAYOU LA BATRE / ON THE BOAT DAY EXT 03","01:22:02:21","01:22:15:14","01:22:03:00","01:22:15:10"
"BAYOU LA BATRE / ON THE BOAT DAY EXT 04","01:22:15:14","01:22:23:16","01:22:15:18","01:22:23:12"
"BAYOU LA BATRE / ON THE BOAT DAY EXT 05","01:22:23:16","01:22:31:08","01:22:23:20","01:22:31:04"
"BAYOU LA BATRE / ON THE BOAT DAY EXT 06","01:22:31:08","01:22:53:18","01:22:31:12","01:22:53:14"
"CHURCH DAY INT 01","01:22:53:18","01:23:02:08","01:22:53:22","01:23:02:04"
"CHURCH DAY INT 02","01:23:02:08","01:23:09:08","01:23:02:12","01:23:09:04"
"BAYOU LA BATRE / ON THE BOAT DAY EXT 07","01:23:09:08","01:23:34:15","01:23:09:12","01:23:34:11"
"BAYOU LA BATRE / ON THE BOAT NIGHT EXT 02","01:23:34:15","01:23:51:22","01:23:34:19","01:23:51:18"
"BAYOU LA BATRE / ON THE BOAT NIGHT EXT 03","01:23:51:22","01:24:04:03","01:23:52:01","01:24:03:24"
"BAYOU LA BATRE / ON THE BOAT NIGHT EXT 04","01:24:04:03","01:24:07:24","01:24:04:07","01:24:07:20"
"BAYOU LA BATRE / ON THE BOAT NIGHT EXT 05","01:24:07:24","01:24:13:10","01:24:08:03","01:24:13:06"
"BAYOU LA BATRE / ON THE BOAT NIGHT EXT 06","01:24:13:10","01:24:18:23","01:24:13:14","01:24:18:19"
"BAYOU LA BATRE / ON THE BOAT NIGHT EXT 07","01:24:18:23","01:24:24:18","01:24:19:02","01:24:24:14"
"GUMP HOUSE DAY INT 13","01:24:24:18","01:24:26:19","01:24:24:22","01:24:26:15"
"BAYOU LA BATRE DAY EXT 22","01:24:26:19","01:24:34:08","01:24:26:23","01:24:34:04"
"BAYOU LA BATRE DAY EXT 23","01:24:34:08","01:24:44:19","01:24:34:12","01:24:44:15"
"GUMP HOUSE DAY INT 14","01:24:44:19","01:24:47:05","01:24:44:23","01:24:47:01"
"GUMP HOUSE DAY INT 15","01:24:47:05","01:24:50:06","01:24:47:09","01:24:50:02"
"BAYOU LA BATRE / ON THE BOAT DAY EXT 08","01:24:50:06","01:24:51:13","01:24:50:10","01:24:51:09"
"BAYOU LA BATRE / ON THE BOAT DAY EXT 09","01:24:51:13","01:24:52:24","01:24:51:17","01:24:52:20"
"BAYOU LA BATRE / ON THE BOAT DAY EXT 10","01:24:52:24","01:24:59:21","01:24:53:03","01:24:59:17"
"SAVANNAH DAY EXT 18","01:24:59:21","01:25:18:20","01:25:00:00","01:25:18:16"
"SAVANNAH DAY EXT 19","01:25:18:20","01:25:23:13","01:25:18:24","01:25:23:09"
"SAVANNAH DAY EXT 20","01:25:23:13","01:25:41:12","01:25:23:17","01:25:41:08"
"SAVANNAH DAY EXT 21","01:25:41:12","01:25:45:00","01:25:41:16","01:25:44:21"
"SAVANNAH DAY EXT 22","01:25:45:00","01:26:02:03","01:25:45:04","01:26:01:24"
"SAVANNAH DAY EXT 23","01:26:02:03","01:26:04:01","01:26:02:07","01:26:03:22"
"SAVANNAH DAY EXT 24","01:26:04:01","01:26:06:23","01:26:04:05","01:26:06:19"
"BAYOU LA BATRE / ON THE BOAT DAY EXT 11","01:26:06:23","01:26:08:16","01:26:07:02","01:26:08:12"
"BAYOU LA BATRE / ON THE BOAT DAY EXT 12","01:26:08:16","01:26:11:06","01:26:08:20","01:26:11:02"
"BAYOU LA BATRE / ON THE BOAT DAY EXT 13","01:26:11:06","01:26:17:14","01:26:11:10","01:26:17:10"
"BAYOU LA BATRE / ON THE BOAT DAY EXT 14","01:26:17:14","01:26:18:23","01:26:17:18","01:26:18:19"
"BAYOU LA BATRE / ON THE BOAT DAY EXT 15","01:26:18:23","01:26:21:14","01:26:19:02","01:26:21:10"
"BAYOU LA BATRE / ON THE BOAT DAY EXT 16","01:26:21:14","01:26:22:21","01:26:21:18","01:26:22:17"
"BAYOU LA BATRE / ON THE BOAT DAY EXT 17","01:26:22:21","01:26:33:06","01:26:23:00","01:26:33:02"
"BAYOU LA BATRE / ON THE BOAT DAY EXT 18","01:26:33:06","01:26:38:03","01:26:33:10","01:26:37:24"
"BAYOU LA BATRE / ON THE BOAT DAY EXT 19","01:26:38:03","01:26:48:02","01:26:38:07","01:26:47:23"
"BAYOU LA BATRE / ON THE BOAT DAY EXT 20","01:26:48:02","01:27:18:00","01:26:48:06","01:27:17:21"
"SAVANNAH DAY EXT 25","01:27:18:00","01:27:22:15","01:27:18:04","01:27:22:11"
"GUMP MAILBOXES DAY EXT 01","01:27:22:15","01:27:33:07","01:27:22:19","01:27:33:03"
"SAVANNAH DAY EXT 26","01:27:33:07","01:27:37:14","01:27:33:11","01:27:37:10"
"CHURCH DAY INT 03","01:27:37:14","01:27:43:10","01:27:37:18","01:27:43:06"
"CHURCH DAY EXT 01","01:27:43:10","01:27:52:19","01:27:43:14","01:27:52:15"
"CHURCH DAY EXT 02","01:27:52:19","01:27:59:01","01:27:52:23","01:27:58:22"
"BAYOU LA BATRE / BUBBA'S HOME DAY EXT 05","01:27:59:01","01:28:10:16","01:27:59:05","01:28:10:12"
"SAVANNAH DAY EXT 27","01:28:10:16","01:28:12:08","01:28:10:20","01:28:12:04"
"FINE HOUSE DAY INT 01","01:28:12:08","01:28:18:18","01:28:12:12","01:28:18:14"
"FOOTBALL FIELD DAY EXT 11","01:28:18:18","01:28:27:11","01:28:18:22","01:28:27:07"
"FOOTBALL FIELD DAY EXT 12","01:28:27:11","01:28:38:07","01:28:27:15","01:28:38:03"
"GUMP HOUSE / BALCONY NIGHT EXT 01","01:28:38:07","01:28:47:06","01:28:38:11","01:28:47:02"
"GUMP HOUSE / BALCONY NIGHT EXT 02","01:28:47:06","01:29:09:10","01:28:47:10","01:29:09:06"
"GUMP HOUSE DAY EXT 05","01:29:09:10","01:29:28:08","01:29:09:14","01:29:28:04"
"GUMP HOUSE DAY EXT 06","01:29:28:08","01:29:42:01","01:29:28:12","01:29:41:22"
"GUMP HOUSE DAY EXT 07","01:29:42:01","01:29:47:19","01:29:42:05","01:29:47:15"
"GUMP HOUSE DAY EXT 08","01:29:47:19","01:29:50:13","01:29:47:23","01:29:50:09"
"GUMP HOUSE DAY EXT 09","01:29:50:13","01:29:59:23","01:29:50:17","01:29:59:19"
"GUMP HOUSE DAY EXT 10","01:29:59:23","01:30:02:04","01:30:00:02","01:30:02:00"
"GUMP HOUSE DAY EXT 11","01:30:02:04","01:30:04:12","01:30:02:08","01:30:04:08"
"GUMP HOUSE DAY EXT 12","01:30:04:12","01:30:09:15","01:30:04:16","01:30:09:11"
"GUMP HOUSE DAY EXT 13","01:30:09:15","01:30:11:16","01:30:09:19","01:30:11:12"
"GUMP HOUSE DAY EXT 14","01:30:11:16","01:30:14:16","01:30:11:20","01:30:14:12"
"GUMP HOUSE DAY EXT 15","01:30:14:16","01:30:17:19","01:30:14:20","01:30:17:15"
"GUMP HOUSE DAY EXT 16","01:30:17:19","01:30:23:03","01:30:17:23","01:30:22:24"
"GUMP HOUSE DAY EXT 17","01:30:23:03","01:30:30:05","01:30:23:07","01:30:30:01"
"GUMP HOUSE NIGHT INT 01","01:30:30:05","01:30:46:03","01:30:30:09","01:30:45:24"
"FIELD DAY EXT 01","01:30:46:03","01:31:04:00","01:30:46:07","01:31:03:21"
"FIELD DAY EXT 02","01:31:04:00","01:31:14:06","01:31:04:04","01:31:14:02"
"TREE ON A FIELD DAY EXT 06","01:31:14:06","01:31:21:16","01:31:14:10","01:31:21:12"
"GUMP HOUSE DAY EXT 18","01:31:21:16","01:31:28:23","01:31:21:20","01:31:28:19"
"GUMP HOUSE NIGHT EXT 05","01:31:28:23","01:31:48:07","01:31:29:02","01:31:48:03"
"RIVERSIDE NIGHT DAY 01","01:31:48:07","01:32:00:14","01:31:48:11","01:32:00:10"
"GUMP HOUSE NIGHT INT 02","01:32:00:14","01:32:28:19","01:32:00:18","01:32:28:15"
"GUMP HOUSE NIGHT INT 03","01:32:28:19","01:32:41:04","01:32:28:23","01:32:41:00"
"GUMP HOUSE NIGHT INT 04","01:32:41:04","01:32:45:13","01:32:41:08","01:32:45:09"
"GUMP HOUSE NIGHT INT 05","01:32:45:13","01:32:49:14","01:32:45:17","01:32:49:10"
"GUMP HOUSE NIGHT INT 06","01:32:49:14","01:32:54:04","01:32:49:18","01:32:54:00"
"GUMP HOUSE NIGHT INT 07","01:32:54:04","01:32:59:11","01:32:54:08","01:32:59:07"
"GUMP HOUSE NIGHT INT 08","01:32:59:11","01:33:01:18","01:32:59:15","01:33:01:14"
"GUMP HOUSE NIGHT INT 09","01:33:01:18","01:33:18:07","01:33:01:22","01:33:18:03"
"GUMP HOUSE NIGHT INT 10","01:33:18:07","01:33:21:23","01:33:18:11","01:33:21:19"
"GUMP HOUSE NIGHT INT 11","01:33:21:23","01:33:25:06","01:33:22:02","01:33:25:02"
"GUMP HOUSE NIGHT EXT 06","01:33:25:06","01:33:29:06","01:33:25:10","01:33:29:02"
"GUMP HOUSE NIGHT EXT 07","01:33:29:06","01:33:50:05","01:33:29:10","01:33:50:01"
"GUMP HOUSE NIGHT EXT 08","01:33:50:05","01:34:11:17","01:33:50:09","01:34:11:13"
"GUMP HOUSE NIGHT EXT 09","01:34:11:17","01:34:22:21","01:34:11:21","01:34:22:17"
"GUMP HOUSE DAY EXT 19","01:34:22:21","01:34:39:21","01:34:23:00","01:34:39:17"
"GUMP HOUSE DAY EXT 20","01:34:39:21","01:34:49:15","01:34:40:00","01:34:49:11"
"GUMP HOUSE DAY INT 16","01:34:49:15","01:35:06:19","01:34:49:19","01:35:06:15"
"GUMP HOUSE DAY INT 17","01:35:06:19","01:35:20:06","01:35:06:23","01:35:20:02"
"GUMP HOUSE DAY INT 18","01:35:20:06","01:35:28:22","01:35:20:10","01:35:28:18"
"GUMP HOUSE DAY INT 19","01:35:28:22","01:35:37:05","01:35:29:01","01:35:37:01"
"GUMP HOUSE PORCH DAY EXT 01","01:35:37:05","01:35:56:15","01:35:37:09","01:35:56:11"
"GUMP HOUSE PORCH DAY EXT 02","01:35:56:15","01:36:12:23","01:35:56:19","01:36:12:19"
"GUMP HOUSE PORCH DAY EXT 03","01:36:12:23","01:36:19:12","01:36:13:02","01:36:19:08"
"GUMP HOUSE PORCH DAY EXT 04","01:36:19:12","01:36:26:03","01:36:19:16","01:36:25:24"
"BARBERSHOP DAY INT 03","01:36:26:03","01:36:30:18","01:36:26:07","01:36:30:14"
"ROAD IN ALABMA DAY EXT 01","01:36:30:18","01:36:39:01","01:36:30:22","01:36:38:22"
"ROAD IN ALABMA DAY EXT 02","01:36:39:01","01:36:44:16","01:36:39:05","01:36:44:12"
"SAVANNAH DAY EXT 28","01:36:44:16","01:36:51:00","01:36:44:20","01:36:50:21"
"PIER DAY EXT 01","01:36:51:00","01:36:55:05","01:36:51:04","01:36:55:01"
"PIER DAY EXT 02","01:36:55:05","01:37:04:23","01:36:55:09","01:37:04:19"
"PIER DAY EXT 03","01:37:04:23","01:37:16:11","01:37:05:02","01:37:16:07"
"PIER DAY EXT 04","01:37:16:11","01:37:21:20","01:37:16:15","01:37:21:16"
"SAVANNAH DAY EXT 29","01:37:21:20","01:37:27:11","01:37:21:24","01:37:27:07"
"SAVANNAH DAY EXT 30","01:37:27:11","01:37:30:18","01:37:27:15","01:37:30:14"
"SAVANNAH DAY EXT 31","01:37:30:18","01:37:33:19","01:37:30:22","01:37:33:15"
"HIGHWAY DAY EXT 01","01:37:33:19","01:37:43:04","01:37:33:23","01:37:43:00"
"HIGHWAY DAY EXT 02","01:37:43:04","01:37:50:02","01:37:43:08","01:37:49:23"
"HIGHWAY DAY EXT 03","01:37:50:02","01:37:57:14","01:37:50:06","01:37:57:10"
"HIGHWAY DAY EXT 04","01:37:57:14","01:38:04:12","01:37:57:18","01:38:04:08"
"HIGHWAY DAY EXT 05","01:38:04:12","01:38:14:13","01:38:04:16","01:38:14:09"
"HIGHWAY DAY EXT 06","01:38:14:13","01:38:20:14","01:38:14:17","01:38:20:10"
"BARBERSHOP DAY EXT 01","01:38:20:14","01:38:26:21","01:38:20:18","01:38:26:17"
"BARBERSHOP DAY EXT 02","01:38:26:21","01:38:29:02","01:38:27:00","01:38:28:23"
"BARBERSHOP DAY EXT 03","01:38:29:02","01:38:42:13","01:38:29:06","01:38:42:09"
"CAFE DAY INT 01","01:38:42:13","01:38:59:04","01:38:42:17","01:38:59:00"
"BRIDGE AT MISSISIPI RIVER DAY EXT 01","01:38:59:04","01:39:00:20","01:38:59:08","01:39:00:16"
"SAVANNAH DAY EXT 32","01:39:00:20","01:39:05:07","01:39:00:24","01:39:05:03"
"SAVANNAH DAY EXT 33","01:39:05:07","01:39:10:16","01:39:05:11","01:39:10:12"
"STREET WITH HOUSES IN THE BACKGROUND DAY EXT 01","01:39:10:16","01:39:22:17","01:39:10:20","01:39:22:13"
"STREET WITH HOUSES IN THE BACKGROUND DAY EXT 02","01:39:22:17","01:39:28:01","01:39:22:21","01:39:27:22"
"STREET WITH HOUSES IN THE BACKGROUND DAY EXT 03","01:39:28:01","01:39:33:14","01:39:28:05","01:39:33:10"
"SAVANNAH DAY EXT 34","01:39:33:14","01:39:40:09","01:39:33:18","01:39:40:05"
"CITY STREET DAY EXT 01","01:39:40:09","01:40:12:10","01:39:40:13","01:40:12:06"
"CITY STREET DAY EXT 02","01:40:12:10","01:40:15:15","01:40:12:14","01:40:15:11"
"TRUCK STOP DAY EXT 01","01:40:15:15","01:40:36:24","01:40:15:19","01:40:36:20"
"TRUCK STOP DAY EXT 02","01:40:36:24","01:40:41:23","01:40:37:03","01:40:41:19"
"TRUCK STOP DAY EXT 03","01:40:41:23","01:40:45:21","01:40:42:02","01:40:45:17"
"TRUCK STOP DAY EXT 04","01:40:45:21","01:41:18:11","01:40:46:00","01:41:18:07"
"DESERT VALLEY DAY EXT 01","01:41:18:11","01:41:28:05","01:41:18:15","01:41:28:01"
"DESERT VALLEY DAY EXT 02","01:41:28:05","01:41:46:24","01:41:28:09","01:41:46:20"
"DESERT VALLEY DAY EXT 03","01:41:46:24","01:42:14:22","01:41:47:03","01:42:14:18"
"DESERT VALLEY DAY EXT 04","01:42:14:22","01:42:21:08","01:42:15:01","01:42:21:04"
"GUMP HOUSE DAY INT 20","01:42:21:08","01:42:33:22","01:42:21:12","01:42:33:18"
"SAVANNAH DAY EXT 35","01:42:33:22","01:43:10:05","01:42:34:01","01:43:10:01"
"SAVANNAH DAY EXT 36","01:43:10:05","01:43:20:08","01:43:10:09","01:43:20:04"
"JENNY'S APPARTMENT DAY INT 01","01:43:20:08","01:43:22:13","01:43:20:12","01:43:22:09"
"JENNY'S APPARTMENT DAY INT 02","01:43:22:13","01:43:25:16","01:43:22:17","01:43:25:12"
"JENNY'S APPARTMENT DAY INT 03","01:43:25:16","01:43:27:09","01:43:25:20","01:43:27:05"
"JENNY'S APPARTMENT DAY INT 04","01:43:27:09","01:43:48:17","01:43:27:13","01:43:48:13"
"JENNY'S APPARTMENT DAY INT 05","01:43:48:17","01:43:52:11","01:43:48:21","01:43:52:07"
"JENNY'S APPARTMENT DAY INT 06","01:43:52:11","01:43:58:06","01:43:52:15","01:43:58:02"
"JENNY'S APPARTMENT DAY INT 07","01:43:58:06","01:44:05:18","01:43:58:10","01:44:05:14"
"JENNY'S APPARTMENT DAY INT 08","01:44:05:18","01:44:44:19","01:44:05:22","01:44:44:15"
"JENNY'S APPARTMENT DAY INT 09","01:44:44:19","01:44:48:04","01:44:44:23","01:44:48:00"
"JENNY'S APPARTMENT DAY INT 10","01:44:48:04","01:44:59:04","01:44:48:08","01:44:59:00"
"JENNY'S APPARTMENT DAY INT 11","01:44:59:04","01:45:02:07","01:44:59:08","01:45:02:03"
"JENNY'S APPARTMENT DAY INT 12","01:45:02:07","01:45:04:03","01:45:02:11","01:45:03:24"
"JENNY'S APPARTMENT DAY INT 13","01:45:04:03","01:45:11:14","01:45:04:07","01:45:11:10"
"JENNY'S APPARTMENT DAY INT 14","01:45:11:14","01:45:39:05","01:45:11:18","01:45:39:01"
"JENNY'S APPARTMENT DAY INT 15","01:45:39:05","01:45:43:10","01:45:39:09","01:45:43:06"
"JENNY'S APPARTMENT DAY INT 16","01:45:43:10","01:45:55:10","01:45:43:14","01:45:55:06"
"JENNY'S APPARTMENT DAY INT 17","01:45:55:10","01:45:59:13","01:45:55:14","01:45:59:09"
"JENNY'S APPARTMENT DAY INT 18","01:45:59:13","01:46:31:07","01:45:59:17","01:46:31:03"
"JENNY'S APPARTMENT DAY INT 19","01:46:31:07","01:46:46:01","01:46:31:11","01:46:45:22"
"JENNY'S APPARTMENT DAY INT 20","01:46:46:01","01:46:52:03","01:46:46:05","01:46:51:24"
"JENNY'S APPARTMENT DAY INT 21","01:46:52:03","01:46:58:06","01:46:52:07","01:46:58:02"
"JENNY'S APPARTMENT DAY INT 22","01:46:58:06","01:47:21:22","01:46:58:10","01:47:21:18"
"PARK DAY EXT 01","01:47:21:22","01:47:42:13","01:47:22:01","01:47:42:09"
"PARK DAY EXT 02","01:47:42:13","01:47:46:17","01:47:42:17","01:47:46:13"
"PARK DAY EXT 03","01:47:46:17","01:47:54:06","01:47:46:21","01:47:54:02"
"GUMP HOUSE DAY EXT 21","01:47:54:06","01:48:32:05","01:47:54:10","01:48:32:01"
"GUMP HOUSE DAY EXT 22","01:48:32:05","01:48:35:23","01:48:32:09","01:48:35:19"
"GUMP HOUSE DAY EXT 23","01:48:35:23","01:48:38:05","01:48:36:02","01:48:38:01"
"GUMP HOUSE DAY EXT 24","01:48:38:05","01:48:41:09","01:48:38:09","01:48:41:05"
"GUMP HOUSE DAY EXT 25","01:48:41:09","01:48:45:19","01:48:41:13","01:48:45:15"
"GUMP HOUSE DAY EXT 26","01:48:45:19","01:48:53:24","01:48:45:23","01:48:53:20"
"GUMP HOUSE DAY EXT 27","01:48:53:24","01:48:56:13","01:48:54:03","01:48:56:09"
"GUMP HOUSE DAY EXT 28","01:48:56:13","01:49:03:24","01:48:56:17","01:49:03:20"
"GUMP HOUSE DAY EXT 29","01:49:03:24","01:49:11:12","01:49:04:03","01:49:11:08"
"GUMP HOUSE DAY EXT 30","01:49:11:12","01:49:14:15","01:49:11:16","01:49:14:11"
"GUMP HOUSE DAY EXT 31","01:49:14:15","01:49:20:18","01:49:14:19","01:49:20:14"
"GUMP HOUSE DAY EXT 32","01:49:20:18","01:49:25:13","01:49:20:22","01:49:25:09"
"GUMP HOUSE DAY EXT 33","01:49:25:13","01:49:27:15","01:49:25:17","01:49:27:11"
"GUMP HOUSE DAY EXT 34","01:49:27:15","01:49:35:21","01:49:27:19","01:49:35:17"
"GUMP HOUSE DAY EXT 35","01:49:35:21","01:49:40:06","01:49:36:00","01:49:40:02"
"GUMP HOUSE DAY EXT 36","01:49:40:06","01:49:42:07","01:49:40:10","01:49:42:03"
"GUMP HOUSE DAY EXT 37","01:49:42:07","01:49:44:16","01:49:42:11","01:49:44:12"
"GUMP HOUSE DAY EXT 38","01:49:44:16","01:49:59:15","01:49:44:20","01:49:59:11"
"GUMP HOUSE DAY EXT 39","01:49:59:15","01:50:13:20","01:49:59:19","01:50:13:16"
"GUMP HOUSE DAY INT 21","01:50:13:20","01:50:22:14","01:50:13:24","01:50:22:10"
"GUMP HOUSE DAY INT 22","01:50:22:14","01:50:29:17","01:50:22:18","01:50:29:13"
"GUMP HOUSE DAY INT 23","01:50:29:17","01:50:32:14","01:50:29:21","01:50:32:10"
"GUMP HOUSE DAY INT 24","01:50:32:14","01:50:52:06","01:50:32:18","01:50:52:02"
"GUMP HOUSE DAY INT 25","01:50:52:06","01:50:58:23","01:50:52:10","01:50:58:19"
"GUMP HOUSE DAY INT 26","01:50:58:23","01:51:10:14","01:50:59:02","01:51:10:10"
"GUMP HOUSE DAY INT 27","01:51:10:14","01:51:12:01","01:51:10:18","01:51:11:22"
"GUMP HOUSE DAY INT 28","01:51:12:01","01:51:16:11","01:51:12:05","01:51:16:07"
"BAYOU LA BATRE / ON THE BOAT DAY EXT 21","01:51:16:11","01:51:24:21","01:51:16:15","01:51:24:17"
"MOUNTAIN LAKE DAY EXT 01","01:51:24:21","01:51:33:03","01:51:25:00","01:51:32:24"
"MOUNTAIN LAKE DAY EXT 02","01:51:33:03","01:51:36:11","01:51:33:07","01:51:36:07"
"DESERT VALLEY DAY EXT 05","01:51:36:11","01:51:49:04","01:51:36:15","01:51:49:00"
"GUMP HOUSE DAY INT 29","01:51:49:04","01:51:52:00","01:51:49:08","01:51:51:21"
"GUMP HOUSE DAY INT 30","01:51:52:00","01:51:55:24","01:51:52:04","01:51:55:20"
"GUMP HOUSE DAY INT 31","01:51:55:24","01:52:01:00","01:51:56:03","01:52:00:21"
"GUMP HOUSE DAY INT 32","01:52:01:00","01:52:04:11","01:52:01:04","01:52:04:07"
"GUMP HOUSE DAY INT 33","01:52:04:11","01:52:07:13","01:52:04:15","01:52:07:09"
"GUMP HOUSE DAY INT 34","01:52:07:13","01:52:09:18","01:52:07:17","01:52:09:14"
"GUMP HOUSE DAY INT 35","01:52:09:18","01:52:12:11","01:52:09:22","01:52:12:07"
"GUMP HOUSE DAY INT 36","01:52:12:11","01:52:19:09","01:52:12:15","01:52:19:05"
"JENNY'S GRAVE DAY EXT 01","01:52:19:09","01:52:26:07","01:52:19:13","01:52:26:03"
"JENNY'S GRAVE DAY EXT 02","01:52:26:07","01:52:34:21","01:52:26:11","01:52:34:17"
"OUTSIDE JENNY'S HOUSE DAY EXT 11","01:52:34:21","01:52:40:02","01:52:35:00","01:52:39:23"
"JENNY'S GRAVE DAY EXT 03","01:52:40:02","01:52:46:01","01:52:40:06","01:52:45:22"
"JENNY'S GRAVE DAY EXT 04","01:52:46:01","01:52:51:10","01:52:46:05","01:52:51:06"
"JENNY'S GRAVE DAY EXT 05","01:52:51:10","01:52:58:10","01:52:51:14","01:52:58:06"
"JENNY'S GRAVE DAY EXT 06","01:52:58:10","01:53:06:24","01:52:58:14","01:53:06:20"
"JENNY'S GRAVE DAY EXT 07","01:53:06:24","01:53:20:18","01:53:07:03","01:53:20:14"
"GUMP HOUSE NIGHT EXT 10","01:53:20:18","01:53:27:11","01:53:20:22","01:53:27:07"
"RIVERSIDE DAY EXT 01","01:53:27:11","01:53:33:19","01:53:27:15","01:53:33:15"
"JENNY'S GRAVE DAY EXT 08","01:53:33:19","01:53:59:06","01:53:33:23","01:53:59:02"
"JENNY'S GRAVE DAY EXT 09","01:53:59:06","01:54:04:03","01:53:59:10","01:54:03:24"
"JENNY'S GRAVE DAY EXT 10","01:54:04:03","01:54:15:16","01:54:04:07","01:54:15:12"
"JENNY'S GRAVE DAY EXT 11","01:54:15:16","01:55:19:10","01:54:15:20","01:55:19:06"
"JENNY'S GRAVE DAY EXT 12","01:55:19:10","01:55:45:00","01:55:19:14","01:55:44:21"
"SCHOOL BUS STOP DAY EXT 10","01:55:45:00","01:55:52:08","01:55:45:04","01:55:52:04"
"SCHOOL BUS STOP DAY EXT 11","01:55:52:08","01:56:01:18","01:55:52:12","01:56:01:14"
"SCHOOL BUS STOP DAY EXT 12","01:56:01:18","01:56:05:21","01:56:01:22","01:56:05:17"
"SCHOOL BUS STOP DAY EXT 13","01:56:05:21","01:56:08:12","01:56:06:00","01:56:08:08"
"SCHOOL BUS STOP DAY EXT 14","01:56:08:12","01:56:14:21","01:56:08:16","01:56:14:17"
"SCHOOL BUS STOP DAY EXT 15","01:56:14:21","01:56:17:23","01:56:15:00","01:56:17:19"
"SCHOOL BUS STOP DAY EXT 16","01:56:17:23","01:56:19:12","01:56:18:02","01:56:19:08"
"SCHOOL BUS STOP DAY EXT 17","01:56:19:12","01:56:21:00","01:56:19:16","01:56:20:21"
"SCHOOL BUS STOP DAY EXT 18","01:56:21:00","01:56:26:02","01:56:21:04","01:56:25:23"
"SCHOOL BUS STOP DAY EXT 19","01:56:26:02","01:56:28:01","01:56:26:06","01:56:27:22"
"SCHOOL BUS STOP DAY EXT 20","01:56:28:01","01:56:31:22","01:56:28:05","01:56:31:18"
"SCHOOL BUS STOP DAY EXT 21","01:56:31:22","01:56:33:07","01:56:32:01","01:56:33:03"
"SCHOOL BUS STOP DAY EXT 22","01:56:33:07","01:56:44:12","01:56:33:11","01:56:44:08"
"SCHOOL BUS STOP DAY EXT 23","01:56:44:12","01:56:46:01","01:56:44:16","01:56:45:22"
"SCHOOL BUS STOP DAY EXT 24","01:56:46:01","01:56:48:04","01:56:46:05","01:56:48:00"
"SCHOOL BUS STOP DAY EXT 25","01:56:48:04","01:56:53:04","01:56:48:08","01:56:53:00"
"SCHOOL BUS STOP DAY EXT 26","01:56:53:04","01:57:02:04","01:56:53:08","01:57:02:00"
"SCHOOL BUS STOP DAY EXT 27","01:57:02:04","01:58:02:06","01:57:02:08","01:58:02:02"
"SCHOOL BUS STOP DAY EXT 28","01:58:02:06","01:58:02:05","01:58:02:10","01:58:02:01"
